Competidor,Fecha,Producto1,Tipo
Competidor1,06/01/19,2408555,Hist—rico
Competidor1,13/01/19,2215418,Hist—rico
Competidor1,20/01/19,2167294,Hist—rico
Competidor1,27/01/19,2173777,Hist—rico
Competidor1,03/02/19,2312097,Hist—rico
Competidor1,10/02/19,2683980,Hist—rico
Competidor1,17/02/19,2104138,Hist—rico
Competidor1,24/02/19,2167522,Hist—rico
Competidor1,03/03/19,2166030,Hist—rico
Competidor1,10/03/19,2322196,Hist—rico
Competidor1,17/03/19,2305257,Hist—rico
Competidor1,24/03/19,2756588,Hist—rico
Competidor1,31/03/19,2106089,Hist—rico
Competidor1,07/04/19,2237618,Hist—rico
Competidor1,14/04/19,2348591,Hist—rico
Competidor1,21/04/19,2417455,Hist—rico
Competidor1,28/04/19,2577416,Hist—rico
Competidor1,05/05/19,2297571,Hist—rico
Competidor1,12/05/19,2448635,Hist—rico
Competidor1,19/05/19,2444579,Hist—rico
Competidor1,26/05/19,2788125,Hist—rico
Competidor1,02/06/19,2497743,Hist—rico
Competidor1,09/06/19,2933595,Hist—rico
Competidor1,16/06/19,2744821,Hist—rico
Competidor1,23/06/19,2874392,Hist—rico
Competidor1,30/06/19,2802894,Hist—rico
Competidor1,07/07/19,2617790,Hist—rico
Competidor1,14/07/19,2219878,Hist—rico
Competidor1,21/07/19,2231670,Hist—rico
Competidor1,28/07/19,2528017,Hist—rico
Competidor1,04/08/19,2195176,Hist—rico
Competidor1,11/08/19,2378160,Hist—rico
Competidor1,18/08/19,2373156,Hist—rico
Competidor1,25/08/19,2711972,Hist—rico
Competidor1,01/09/19,2205116,Hist—rico
Competidor1,08/09/19,2281552,Hist—rico
Competidor1,15/09/19,2335506,Hist—rico
Competidor1,22/09/19,2849308,Hist—rico
Competidor1,29/09/19,2057032,Hist—rico
Competidor1,06/10/19,2129059,Hist—rico
Competidor1,13/10/19,2201593,Hist—rico
Competidor1,20/10/19,2267255,Hist—rico
Competidor1,27/10/19,2429210,Hist—rico
Competidor1,03/11/19,2045455,Hist—rico
Competidor1,10/11/19,2097655,Hist—rico
Competidor1,17/11/19,2147922,Hist—rico
Competidor1,24/11/19,2458697,Hist—rico
Competidor1,01/12/19,1968737,Hist—rico
Competidor1,08/12/19,2085037,Hist—rico
Competidor1,15/12/19,2071919,Hist—rico
Competidor1,22/12/19,2555088,Hist—rico
Competidor1,29/12/19,1967066,Hist—rico
Competidor1,05/01/20,2209195,Hist—rico
Competidor1,12/01/20,1857720,Hist—rico
Competidor1,19/01/20,1917617,Hist—rico
Competidor1,26/01/20,2203282,Hist—rico
Competidor1,02/02/20,1825344,Hist—rico
Competidor1,09/02/20,1943601,Hist—rico
Competidor1,16/02/20,2040300,Hist—rico
Competidor1,23/02/20,2448399,Hist—rico
Competidor1,01/03/20,1847309,Hist—rico
Competidor1,08/03/20,1970381,Hist—rico
Competidor1,15/03/20,2100370,Hist—rico
Competidor1,22/03/20,2923950,Hist—rico
Competidor1,29/03/20,1942729,Hist—rico
Competidor1,05/04/20,1792980,Hist—rico
Competidor1,12/04/20,2006793,Hist—rico
Competidor1,19/04/20,2040103,Hist—rico
Competidor1,26/04/20,2404684,Hist—rico
Competidor1,03/05/20,2163629,Hist—rico
Competidor1,10/05/20,2223112,Hist—rico
Competidor1,17/05/20,2219193,Hist—rico
Competidor1,24/05/20,2613465,Hist—rico
Competidor1,07/06/20,2282345,Hist—rico
Competidor1,14/06/20,2801913,Hist—rico
Competidor1,21/06/20,2269025,Hist—rico
Competidor1,28/06/20,2190131,Hist—rico
Competidor1,05/07/20,2274159,Hist—rico
Competidor1,12/07/20,2577985,Hist—rico
Competidor1,19/07/20,2090887,Hist—rico
Competidor1,26/07/20,2127582,Hist—rico
Competidor1,02/08/20,2255676,Hist—rico
Competidor1,09/08/20,2289936,Hist—rico
Competidor1,16/08/20,2326463,Hist—rico
Competidor1,23/08/20,2634595,Hist—rico
Competidor1,06/09/20,2095796,Hist—rico
Competidor1,13/09/20,2289671,Hist—rico
Competidor1,20/09/20,2540523,Hist—rico
Competidor1,27/09/20,2054276,Hist—rico
Competidor1,30/09/20,2107841,Hist—rico
Competidor1,04/10/20,1990379,Hist—rico
Competidor1,11/10/20,2067769,Hist—rico
Competidor1,18/10/20,2090085,Hist—rico
Competidor1,25/10/20,2274366,Hist—rico
Competidor1,01/11/20,2050561,Hist—rico
Competidor1,08/11/20,1941696,Hist—rico
Competidor1,15/11/20,2014919,Hist—rico
Competidor1,22/11/20,2338296,Hist—rico
Competidor1,06/12/20,2298017,Hist—rico
Competidor1,13/12/20,2941173,Hist—rico
Competidor1,20/12/20,2512006,Hist—rico
Competidor1,27/12/20,2357601,Hist—rico
Competidor1,29/12/20,1920731,Hist—rico
Competidor1,03/01/21,1731056,Hist—rico
Competidor1,10/01/21,1821141,Hist—rico
Competidor1,17/01/21,2030890,Hist—rico
Competidor1,24/01/21,2316383,Hist—rico
Competidor1,07/02/21,2095297,Hist—rico
Competidor1,14/02/21,2143536,Hist—rico
Competidor1,21/02/21,2388093,Hist—rico
Competidor1,28/02/21,1671139,Hist—rico
Competidor1,04/03/21,1836008,Hist—rico
Competidor1,07/03/21,1790539,Hist—rico
Competidor1,14/03/21,1969638,Hist—rico
Competidor1,21/03/21,2396427,Hist—rico
Competidor1,28/03/21,1810606,Hist—rico
Competidor1,02/04/21,1985323,Hist—rico
Competidor1,11/04/21,1952488,Hist—rico
Competidor1,18/04/21,2142586,Hist—rico
Competidor1,25/04/21,2189597,Hist—rico
Competidor1,09/05/21,2215747,Hist—rico
Competidor1,16/05/21,2131680,Hist—rico
Competidor1,23/05/21,2302016,Hist—rico
Competidor1,30/05/21,2042078,Hist—rico
Competidor1,04/06/21,2083929,Hist—rico
Competidor1,06/06/21,2145057,Hist—rico
Competidor1,13/06/21,2528302,Hist—rico
Competidor1,20/06/21,2651919,Hist—rico
Competidor1,27/06/21,2235495,Hist—rico
Competidor1,01/07/21,1989705,Hist—rico
Competidor1,11/07/21,2009254,Hist—rico
Competidor1,18/07/21,2106822,Hist—rico
Competidor1,25/07/21,2253936,Hist—rico
Competidor1,08/08/21,2117970,Hist—rico
Competidor1,15/08/21,2139386,Hist—rico
Competidor1,22/08/21,2351777,Hist—rico
Competidor1,29/08/21,1972124,Hist—rico
Competidor1,03/09/21,1881393.1,Hist—rico
Competidor1,05/09/21,1961880,Hist—rico
Competidor1,12/09/21,2067022.1,Hist—rico
Competidor1,19/09/21,2440135,Hist—rico
Competidor1,26/09/21,1906501,Hist—rico
Competidor1,10/10/21,1976222.2,Hist—rico
Competidor1,17/10/21,1995880,Hist—rico
Competidor1,24/10/21,2043958.2,Hist—rico
Competidor1,31/10/21,1968132.1,Hist—rico
Competidor1,07/11/21,2259683,Hist—rico
Competidor1,14/11/21,1961990,Hist—rico
Competidor1,21/11/21,2106292,Hist—rico
Competidor1,28/11/21,1607038,Hist—rico
Competidor1,02/12/21,1657209,Hist—rico
Competidor1,05/12/21,1785639,Hist—rico
Competidor1,12/12/21,1767723,Hist—rico
Competidor1,19/12/21,2104243,Hist—rico
Competidor1,26/12/21,1630316,Hist—rico
Competidor1,09/01/22,1968826,Hist—rico
Competidor1,16/01/22,1842275,Hist—rico
Competidor1,23/01/22,1572706,Hist—rico
Competidor1,30/01/22,1579806,Hist—rico
Competidor1,06/02/22,1642545,Hist—rico
Competidor1,13/02/22,1722727,Hist—rico
Competidor1,20/02/22,2273485,Hist—rico
Competidor1,27/02/22,1752093,Hist—rico
Competidor1,03/03/22,1711662,Hist—rico
Competidor1,06/03/22,2211879,Hist—rico
Competidor1,13/03/22,1749475,Hist—rico
Competidor1,20/03/22,2051238,Hist—rico
Competidor1,27/03/22,1637610,Hist—rico
Competidor1,01/04/22,1710449,Hist—rico
Competidor1,10/04/22,1750463,Hist—rico
Competidor1,17/04/22,1780374,Hist—rico
Competidor1,24/04/22,1889885,Hist—rico
Competidor1,08/05/22,1798562,Hist—rico
Competidor10,06/01/19,44597501.5,Hist—rico
Competidor10,13/01/19,48565940.46,Hist—rico
Competidor10,20/01/19,45632300.1,Hist—rico
Competidor10,27/01/19,46030940.92,Hist—rico
Competidor10,03/02/19,44893729.42,Hist—rico
Competidor10,10/02/19,51044268.98,Hist—rico
Competidor10,17/02/19,45234191.6,Hist—rico
Competidor10,24/02/19,48356307.46,Hist—rico
Competidor10,03/03/19,45039309,Hist—rico
Competidor10,10/03/19,50653821,Hist—rico
Competidor10,17/03/19,46872108.29,Hist—rico
Competidor10,24/03/19,49266009.66,Hist—rico
Competidor10,31/03/19,46265132.46,Hist—rico
Competidor10,07/04/19,50733548,Hist—rico
Competidor10,14/04/19,49202541.54,Hist—rico
Competidor10,21/04/19,51293031,Hist—rico
Competidor10,28/04/19,49301217,Hist—rico
Competidor10,05/05/19,52809678,Hist—rico
Competidor10,12/05/19,51913772.04,Hist—rico
Competidor10,19/05/19,53915752.38,Hist—rico
Competidor10,26/05/19,53422943.96,Hist—rico
Competidor10,02/06/19,52717410,Hist—rico
Competidor10,09/06/19,53887869.92,Hist—rico
Competidor10,16/06/19,54287286.58,Hist—rico
Competidor10,23/06/19,51713555.42,Hist—rico
Competidor10,30/06/19,55114157,Hist—rico
Competidor10,07/07/19,55205146.2,Hist—rico
Competidor10,14/07/19,52573484.04,Hist—rico
Competidor10,21/07/19,51701982.5,Hist—rico
Competidor10,28/07/19,54426856.96,Hist—rico
Competidor10,04/08/19,51550146.25,Hist—rico
Competidor10,11/08/19,55390284.75,Hist—rico
Competidor10,18/08/19,51641337.46,Hist—rico
Competidor10,25/08/19,53487628.46,Hist—rico
Competidor10,01/09/19,52003190.5,Hist—rico
Competidor10,08/09/19,53283029.46,Hist—rico
Competidor10,15/09/19,51333477.46,Hist—rico
Competidor10,22/09/19,53115037.88,Hist—rico
Competidor10,29/09/19,49530369.5,Hist—rico
Competidor10,06/10/19,51955504.86,Hist—rico
Competidor10,13/10/19,50646565.42,Hist—rico
Competidor10,20/10/19,51713709.92,Hist—rico
Competidor10,27/10/19,47381704.46,Hist—rico
Competidor10,03/11/19,49126513.46,Hist—rico
Competidor10,10/11/19,48648038.88,Hist—rico
Competidor10,17/11/19,49569867.96,Hist—rico
Competidor10,24/11/19,46414104.46,Hist—rico
Competidor10,01/12/19,46761653.46,Hist—rico
Competidor10,08/12/19,47571117.88,Hist—rico
Competidor10,15/12/19,48254048.04,Hist—rico
Competidor10,22/12/19,47709906.42,Hist—rico
Competidor10,29/12/19,45188933.46,Hist—rico
Competidor10,05/01/20,44076613.96,Hist—rico
Competidor10,12/01/20,48047478.5,Hist—rico
Competidor10,19/01/20,44719325.96,Hist—rico
Competidor10,26/01/20,45550300.5,Hist—rico
Competidor10,02/02/20,43099834.46,Hist—rico
Competidor10,09/02/20,48258526.42,Hist—rico
Competidor10,16/02/20,45405305.68,Hist—rico
Competidor10,23/02/20,46473004.4,Hist—rico
Competidor10,01/03/20,44025323.04,Hist—rico
Competidor10,08/03/20,49348477.94,Hist—rico
Competidor10,15/03/20,46516642.96,Hist—rico
Competidor10,22/03/20,57020210.9,Hist—rico
Competidor10,29/03/20,50259789.86,Hist—rico
Competidor10,05/04/20,44877584.5,Hist—rico
Competidor10,12/04/20,45359396.46,Hist—rico
Competidor10,19/04/20,49276030.96,Hist—rico
Competidor10,26/04/20,46910735.08,Hist—rico
Competidor10,03/05/20,50106794.5,Hist—rico
Competidor10,10/05/20,51849176.9,Hist—rico
Competidor10,17/05/20,52727105.96,Hist—rico
Competidor10,24/05/20,52897272.5,Hist—rico
Competidor10,07/06/20,54565260,Hist—rico
Competidor10,14/06/20,57269818,Hist—rico
Competidor10,21/06/20,54462992.96,Hist—rico
Competidor10,28/06/20,55724412.18,Hist—rico
Competidor10,05/07/20,56657364.46,Hist—rico
Competidor10,12/07/20,55222596.5,Hist—rico
Competidor10,19/07/20,51357599,Hist—rico
Competidor10,26/07/20,53228025.88,Hist—rico
Competidor10,02/08/20,52639697,Hist—rico
Competidor10,09/08/20,56023884.96,Hist—rico
Competidor10,16/08/20,53432188.5,Hist—rico
Competidor10,23/08/20,54235301.96,Hist—rico
Competidor10,06/09/20,54969882,Hist—rico
Competidor10,13/09/20,51492340,Hist—rico
Competidor10,20/09/20,52441086.5,Hist—rico
Competidor10,27/09/20,49593088,Hist—rico
Competidor10,30/09/20,51397030,Hist—rico
Competidor10,04/10/20,51952103.46,Hist—rico
Competidor10,11/10/20,50115445.46,Hist—rico
Competidor10,18/10/20,51482501,Hist—rico
Competidor10,25/10/20,47557005.5,Hist—rico
Competidor10,01/11/20,49705056.5,Hist—rico
Competidor10,08/11/20,48931840.2,Hist—rico
Competidor10,15/11/20,51821256.5,Hist—rico
Competidor10,22/11/20,49507578,Hist—rico
Competidor10,06/12/20,46117551.7,Hist—rico
Competidor10,13/12/20,48474999,Hist—rico
Competidor10,20/12/20,47880588.96,Hist—rico
Competidor10,27/12/20,45845046.5,Hist—rico
Competidor10,29/12/20,46560120.96,Hist—rico
Competidor10,03/01/21,42639370.5,Hist—rico
Competidor10,10/01/21,47038291.5,Hist—rico
Competidor10,17/01/21,45531335.9,Hist—rico
Competidor10,24/01/21,45111362,Hist—rico
Competidor10,07/02/21,45321832.46,Hist—rico
Competidor10,14/02/21,45069593.96,Hist—rico
Competidor10,21/02/21,43971294,Hist—rico
Competidor10,28/02/21,43511549.46,Hist—rico
Competidor10,04/03/21,47768650,Hist—rico
Competidor10,07/03/21,46779424.25,Hist—rico
Competidor10,14/03/21,47573322.5,Hist—rico
Competidor10,21/03/21,47033842.25,Hist—rico
Competidor10,28/03/21,46336713,Hist—rico
Competidor10,02/04/21,46847466,Hist—rico
Competidor10,11/04/21,49955837.9,Hist—rico
Competidor10,18/04/21,50228161,Hist—rico
Competidor10,25/04/21,49505072,Hist—rico
Competidor10,09/05/21,50454043.5,Hist—rico
Competidor10,16/05/21,48505555,Hist—rico
Competidor10,23/05/21,49007101.6,Hist—rico
Competidor10,30/05/21,50729792.5,Hist—rico
Competidor10,04/06/21,51810012.1,Hist—rico
Competidor10,06/06/21,49596912.56,Hist—rico
Competidor10,13/06/21,50978866,Hist—rico
Competidor10,20/06/21,50000873.5,Hist—rico
Competidor10,27/06/21,49285484.5,Hist—rico
Competidor10,01/07/21,49443344.5,Hist—rico
Competidor10,11/07/21,50647886,Hist—rico
Competidor10,18/07/21,49642602,Hist—rico
Competidor10,25/07/21,50190189.36,Hist—rico
Competidor10,08/08/21,50914661.9,Hist—rico
Competidor10,15/08/21,50012209.38,Hist—rico
Competidor10,22/08/21,50560362.96,Hist—rico
Competidor10,29/08/21,48701631.5,Hist—rico
Competidor10,03/09/21,46828399.46,Hist—rico
Competidor10,05/09/21,50174151.3,Hist—rico
Competidor10,12/09/21,48008190.5,Hist—rico
Competidor10,19/09/21,48591833,Hist—rico
Competidor10,26/09/21,47154744,Hist—rico
Competidor10,10/10/21,48192352.5,Hist—rico
Competidor10,17/10/21,46721702.96,Hist—rico
Competidor10,24/10/21,47465891,Hist—rico
Competidor10,31/10/21,45290065.3,Hist—rico
Competidor10,07/11/21,46541488,Hist—rico
Competidor10,14/11/21,44509436.82,Hist—rico
Competidor10,21/11/21,45867433.42,Hist—rico
Competidor10,28/11/21,41448559.26,Hist—rico
Competidor10,02/12/21,40734707.7,Hist—rico
Competidor10,05/12/21,43734617.7,Hist—rico
Competidor10,12/12/21,43374029.5,Hist—rico
Competidor10,19/12/21,44772053.46,Hist—rico
Competidor10,26/12/21,43282145,Hist—rico
Competidor10,09/01/22,41129043.4,Hist—rico
Competidor10,16/01/22,41230501.9,Hist—rico
Competidor10,23/01/22,38892320,Hist—rico
Competidor10,30/01/22,39808047.5,Hist—rico
Competidor10,06/02/22,39953249,Hist—rico
Competidor10,13/02/22,41230773.5,Hist—rico
Competidor10,20/02/22,42682767.5,Hist—rico
Competidor10,27/02/22,41877402,Hist—rico
Competidor10,03/03/22,42590943.3,Hist—rico
Competidor10,06/03/22,43768313.4,Hist—rico
Competidor10,13/03/22,42488160.2,Hist—rico
Competidor10,20/03/22,42507707,Hist—rico
Competidor10,27/03/22,43279365.46,Hist—rico
Competidor10,01/04/22,43861025.92,Hist—rico
Competidor10,10/04/22,43246341.96,Hist—rico
Competidor10,17/04/22,41876017.84,Hist—rico
Competidor10,24/04/22,43099311,Hist—rico
Competidor10,08/05/22,43983489.5,Hist—rico
Competidor2,06/01/19,40087478,Hist—rico
Competidor2,13/01/19,43198724.25,Hist—rico
Competidor2,20/01/19,40884593.4,Hist—rico
Competidor2,27/01/19,42915201.6,Hist—rico
Competidor2,03/02/19,40878248.5,Hist—rico
Competidor2,10/02/19,45095990.5,Hist—rico
Competidor2,17/02/19,40817901,Hist—rico
Competidor2,24/02/19,44470101.2,Hist—rico
Competidor2,03/03/19,41516266.7,Hist—rico
Competidor2,10/03/19,45266247.8,Hist—rico
Competidor2,17/03/19,41438561.2,Hist—rico
Competidor2,24/03/19,43925497,Hist—rico
Competidor2,31/03/19,42205949,Hist—rico
Competidor2,07/04/19,45738068,Hist—rico
Competidor2,14/04/19,44280235.5,Hist—rico
Competidor2,21/04/19,45814207.3,Hist—rico
Competidor2,28/04/19,43930480.75,Hist—rico
Competidor2,05/05/19,47180493.9,Hist—rico
Competidor2,12/05/19,46125845.6,Hist—rico
Competidor2,19/05/19,47193013.95,Hist—rico
Competidor2,26/05/19,46714521,Hist—rico
Competidor2,02/06/19,47091164.5,Hist—rico
Competidor2,09/06/19,49272876.3,Hist—rico
Competidor2,16/06/19,51634436.55,Hist—rico
Competidor2,23/06/19,48350524.7,Hist—rico
Competidor2,30/06/19,52769548.1,Hist—rico
Competidor2,07/07/19,47535250.3,Hist—rico
Competidor2,14/07/19,46120367.9,Hist—rico
Competidor2,21/07/19,45250462.6,Hist—rico
Competidor2,28/07/19,47118017.36,Hist—rico
Competidor2,04/08/19,46092987.65,Hist—rico
Competidor2,11/08/19,48478282.1,Hist—rico
Competidor2,18/08/19,45760824.45,Hist—rico
Competidor2,25/08/19,46547175.9,Hist—rico
Competidor2,01/09/19,46427195.7,Hist—rico
Competidor2,08/09/19,47273826.45,Hist—rico
Competidor2,15/09/19,45088563.5,Hist—rico
Competidor2,22/09/19,46534934,Hist—rico
Competidor2,29/09/19,44206541.1,Hist—rico
Competidor2,06/10/19,46381140.16,Hist—rico
Competidor2,13/10/19,44752742.5,Hist—rico
Competidor2,20/10/19,46097868.35,Hist—rico
Competidor2,27/10/19,42028367.25,Hist—rico
Competidor2,03/11/19,42880532.15,Hist—rico
Competidor2,10/11/19,43132257.75,Hist—rico
Competidor2,17/11/19,42833543,Hist—rico
Competidor2,24/11/19,41861002.6,Hist—rico
Competidor2,01/12/19,40918209.05,Hist—rico
Competidor2,08/12/19,42593549.6,Hist—rico
Competidor2,15/12/19,42504668.7,Hist—rico
Competidor2,22/12/19,41893903.55,Hist—rico
Competidor2,29/12/19,39100872,Hist—rico
Competidor2,05/01/20,39290829.35,Hist—rico
Competidor2,12/01/20,41579139.8,Hist—rico
Competidor2,19/01/20,38657868.75,Hist—rico
Competidor2,26/01/20,40110406.45,Hist—rico
Competidor2,02/02/20,39141643.84,Hist—rico
Competidor2,09/02/20,42452000.3,Hist—rico
Competidor2,16/02/20,40102330,Hist—rico
Competidor2,23/02/20,40478897.25,Hist—rico
Competidor2,01/03/20,39118917.5,Hist—rico
Competidor2,08/03/20,43370512.1,Hist—rico
Competidor2,15/03/20,41354043,Hist—rico
Competidor2,22/03/20,49907284.3,Hist—rico
Competidor2,29/03/20,41756097,Hist—rico
Competidor2,05/04/20,39421183.25,Hist—rico
Competidor2,12/04/20,38557215,Hist—rico
Competidor2,19/04/20,41276300,Hist—rico
Competidor2,26/04/20,40614197,Hist—rico
Competidor2,03/05/20,44269845,Hist—rico
Competidor2,10/05/20,45900198.05,Hist—rico
Competidor2,17/05/20,44453790.6,Hist—rico
Competidor2,24/05/20,46099961.3,Hist—rico
Competidor2,07/06/20,47398211.94,Hist—rico
Competidor2,14/06/20,48825964.1,Hist—rico
Competidor2,21/06/20,48371270.3,Hist—rico
Competidor2,28/06/20,47579131.46,Hist—rico
Competidor2,05/07/20,48589206,Hist—rico
Competidor2,12/07/20,47566029.76,Hist—rico
Competidor2,19/07/20,45936019.35,Hist—rico
Competidor2,26/07/20,47348322.75,Hist—rico
Competidor2,02/08/20,46570997.1,Hist—rico
Competidor2,09/08/20,48732352.1,Hist—rico
Competidor2,16/08/20,47017373.95,Hist—rico
Competidor2,23/08/20,47639439.5,Hist—rico
Competidor2,06/09/20,48441506.35,Hist—rico
Competidor2,13/09/20,45538147.7,Hist—rico
Competidor2,20/09/20,45933994.9,Hist—rico
Competidor2,27/09/20,45227517,Hist—rico
Competidor2,30/09/20,45788948.45,Hist—rico
Competidor2,04/10/20,45406189.4,Hist—rico
Competidor2,11/10/20,43776565.7,Hist—rico
Competidor2,18/10/20,44040417.3,Hist—rico
Competidor2,25/10/20,42138096.4,Hist—rico
Competidor2,01/11/20,43764521.8,Hist—rico
Competidor2,08/11/20,42392977.9,Hist—rico
Competidor2,15/11/20,43340935.3,Hist—rico
Competidor2,22/11/20,42583513,Hist—rico
Competidor2,06/12/20,40905114.5,Hist—rico
Competidor2,13/12/20,42233664.5,Hist—rico
Competidor2,20/12/20,40639094,Hist—rico
Competidor2,27/12/20,39933372.4,Hist—rico
Competidor2,29/12/20,39705571.5,Hist—rico
Competidor2,03/01/21,38805749,Hist—rico
Competidor2,10/01/21,40634790,Hist—rico
Competidor2,17/01/21,39137780,Hist—rico
Competidor2,24/01/21,39785576,Hist—rico
Competidor2,07/02/21,39547877.3,Hist—rico
Competidor2,14/02/21,39218705,Hist—rico
Competidor2,21/02/21,38312811.8,Hist—rico
Competidor2,28/02/21,38125319,Hist—rico
Competidor2,04/03/21,42063064.9,Hist—rico
Competidor2,07/03/21,40124189,Hist—rico
Competidor2,14/03/21,39775557.4,Hist—rico
Competidor2,21/03/21,40039598.5,Hist—rico
Competidor2,28/03/21,41098866.3,Hist—rico
Competidor2,02/04/21,41286109.8,Hist—rico
Competidor2,11/04/21,43100347.2,Hist—rico
Competidor2,18/04/21,42334707.5,Hist—rico
Competidor2,25/04/21,42052641,Hist—rico
Competidor2,09/05/21,43546753.5,Hist—rico
Competidor2,16/05/21,41712464,Hist—rico
Competidor2,23/05/21,43161126.3,Hist—rico
Competidor2,30/05/21,45436439,Hist—rico
Competidor2,04/06/21,46892599,Hist—rico
Competidor2,06/06/21,43701086,Hist—rico
Competidor2,13/06/21,44634766,Hist—rico
Competidor2,20/06/21,43930295.5,Hist—rico
Competidor2,27/06/21,44820397,Hist—rico
Competidor2,01/07/21,43629675,Hist—rico
Competidor2,11/07/21,43751449.5,Hist—rico
Competidor2,18/07/21,42985697.5,Hist—rico
Competidor2,25/07/21,43582308.5,Hist—rico
Competidor2,08/08/21,44715778,Hist—rico
Competidor2,15/08/21,43877792.5,Hist—rico
Competidor2,22/08/21,44161009,Hist—rico
Competidor2,29/08/21,42794412.5,Hist—rico
Competidor2,03/09/21,42154771.5,Hist—rico
Competidor2,05/09/21,44307121.1,Hist—rico
Competidor2,12/09/21,42593039.6,Hist—rico
Competidor2,19/09/21,42326751.5,Hist—rico
Competidor2,26/09/21,41961908,Hist—rico
Competidor2,10/10/21,42525649.2,Hist—rico
Competidor2,17/10/21,41357666,Hist—rico
Competidor2,24/10/21,40238373.2,Hist—rico
Competidor2,31/10/21,39870407.1,Hist—rico
Competidor2,07/11/21,40698083.5,Hist—rico
Competidor2,14/11/21,39824827.5,Hist—rico
Competidor2,21/11/21,39897223.5,Hist—rico
Competidor2,28/11/21,36326696,Hist—rico
Competidor2,02/12/21,35728829,Hist—rico
Competidor2,05/12/21,39776213.1,Hist—rico
Competidor2,12/12/21,38704061,Hist—rico
Competidor2,19/12/21,38855562,Hist—rico
Competidor2,26/12/21,37226002,Hist—rico
Competidor2,09/01/22,36155468.5,Hist—rico
Competidor2,16/01/22,34815467,Hist—rico
Competidor2,23/01/22,34406807.5,Hist—rico
Competidor2,30/01/22,34924604.5,Hist—rico
Competidor2,06/02/22,35801471.5,Hist—rico
Competidor2,13/02/22,36382186,Hist—rico
Competidor2,20/02/22,37123804,Hist—rico
Competidor2,27/02/22,36109335.5,Hist—rico
Competidor2,03/03/22,37930595.5,Hist—rico
Competidor2,06/03/22,38352576.6,Hist—rico
Competidor2,13/03/22,36998516.5,Hist—rico
Competidor2,20/03/22,36486642.5,Hist—rico
Competidor2,27/03/22,37801015.5,Hist—rico
Competidor2,01/04/22,38060121.5,Hist—rico
Competidor2,10/04/22,38301684.5,Hist—rico
Competidor2,17/04/22,37199508.5,Hist—rico
Competidor2,24/04/22,37747067.5,Hist—rico
Competidor2,08/05/22,38826079.5,Hist—rico
Competidor3,06/01/19,3792128,Hist—rico
Competidor3,13/01/19,2568676,Hist—rico
Competidor3,20/01/19,2644847,Hist—rico
Competidor3,27/01/19,2782482,Hist—rico
Competidor3,03/02/19,3741709,Hist—rico
Competidor3,10/02/19,3687972,Hist—rico
Competidor3,17/02/19,2421020,Hist—rico
Competidor3,24/02/19,2730717,Hist—rico
Competidor3,03/03/19,2904549,Hist—rico
Competidor3,10/03/19,3180979,Hist—rico
Competidor3,17/03/19,4005906,Hist—rico
Competidor3,24/03/19,3965916,Hist—rico
Competidor3,31/03/19,2425668,Hist—rico
Competidor3,07/04/19,2755858,Hist—rico
Competidor3,14/04/19,2913541,Hist—rico
Competidor3,21/04/19,3498200,Hist—rico
Competidor3,28/04/19,4079367,Hist—rico
Competidor3,05/05/19,2647569,Hist—rico
Competidor3,12/05/19,2935113,Hist—rico
Competidor3,19/05/19,3571967,Hist—rico
Competidor3,26/05/19,4060400,Hist—rico
Competidor3,02/06/19,3162240,Hist—rico
Competidor3,09/06/19,4773710,Hist—rico
Competidor3,16/06/19,2710606,Hist—rico
Competidor3,23/06/19,3415475,Hist—rico
Competidor3,30/06/19,2760953,Hist—rico
Competidor3,07/07/19,3819778,Hist—rico
Competidor3,14/07/19,2555839,Hist—rico
Competidor3,21/07/19,3399245,Hist—rico
Competidor3,28/07/19,3589220,Hist—rico
Competidor3,04/08/19,2561032,Hist—rico
Competidor3,11/08/19,3073468,Hist—rico
Competidor3,18/08/19,3852066,Hist—rico
Competidor3,25/08/19,3842696,Hist—rico
Competidor3,01/09/19,2587591,Hist—rico
Competidor3,08/09/19,2887511,Hist—rico
Competidor3,15/09/19,3978492,Hist—rico
Competidor3,22/09/19,3976207,Hist—rico
Competidor3,29/09/19,2224183,Hist—rico
Competidor3,06/10/19,2672494,Hist—rico
Competidor3,13/10/19,3002833,Hist—rico
Competidor3,20/10/19,3502937,Hist—rico
Competidor3,27/10/19,3805619,Hist—rico
Competidor3,03/11/19,2350624,Hist—rico
Competidor3,10/11/19,2556349,Hist—rico
Competidor3,17/11/19,3286792,Hist—rico
Competidor3,24/11/19,3759500,Hist—rico
Competidor3,01/12/19,2371004,Hist—rico
Competidor3,08/12/19,2552638,Hist—rico
Competidor3,15/12/19,3046013,Hist—rico
Competidor3,22/12/19,4580066,Hist—rico
Competidor3,29/12/19,2418493,Hist—rico
Competidor3,05/01/20,3047532,Hist—rico
Competidor3,12/01/20,2116845,Hist—rico
Competidor3,19/01/20,2808484,Hist—rico
Competidor3,26/01/20,3031486,Hist—rico
Competidor3,02/02/20,2077866,Hist—rico
Competidor3,09/02/20,2498398,Hist—rico
Competidor3,16/02/20,3458275,Hist—rico
Competidor3,23/02/20,3411778,Hist—rico
Competidor3,01/03/20,2231294,Hist—rico
Competidor3,08/03/20,2532585,Hist—rico
Competidor3,15/03/20,3687975,Hist—rico
Competidor3,22/03/20,4173303,Hist—rico
Competidor3,29/03/20,2500140,Hist—rico
Competidor3,05/04/20,2232179,Hist—rico
Competidor3,12/04/20,2727811,Hist—rico
Competidor3,19/04/20,2903009,Hist—rico
Competidor3,26/04/20,4389322,Hist—rico
Competidor3,03/05/20,2564543,Hist—rico
Competidor3,10/05/20,2491756,Hist—rico
Competidor3,17/05/20,3240459,Hist—rico
Competidor3,24/05/20,3977891,Hist—rico
Competidor3,07/06/20,3347150,Hist—rico
Competidor3,14/06/20,4302433,Hist—rico
Competidor3,21/06/20,2488991,Hist—rico
Competidor3,28/06/20,2382422,Hist—rico
Competidor3,05/07/20,3398124,Hist—rico
Competidor3,12/07/20,3748843,Hist—rico
Competidor3,19/07/20,2348940,Hist—rico
Competidor3,26/07/20,2550511,Hist—rico
Competidor3,02/08/20,2764907,Hist—rico
Competidor3,09/08/20,2998247,Hist—rico
Competidor3,16/08/20,3781562,Hist—rico
Competidor3,23/08/20,3728626,Hist—rico
Competidor3,06/09/20,2485585,Hist—rico
Competidor3,13/09/20,3601173,Hist—rico
Competidor3,20/09/20,3844523,Hist—rico
Competidor3,27/09/20,2094949,Hist—rico
Competidor3,30/09/20,2360462,Hist—rico
Competidor3,04/10/20,2348152,Hist—rico
Competidor3,11/10/20,2538540,Hist—rico
Competidor3,18/10/20,3107696,Hist—rico
Competidor3,25/10/20,3510449,Hist—rico
Competidor3,01/11/20,2307938,Hist—rico
Competidor3,08/11/20,2333635,Hist—rico
Competidor3,15/11/20,3102549,Hist—rico
Competidor3,22/11/20,3504132,Hist—rico
Competidor3,06/12/20,2963732,Hist—rico
Competidor3,13/12/20,4173209,Hist—rico
Competidor3,20/12/20,3463373,Hist—rico
Competidor3,27/12/20,3203789,Hist—rico
Competidor3,29/12/20,2235437,Hist—rico
Competidor3,03/01/21,1764624,Hist—rico
Competidor3,10/01/21,2148906,Hist—rico
Competidor3,17/01/21,2916789,Hist—rico
Competidor3,24/01/21,3210853,Hist—rico
Competidor3,07/02/21,2750490,Hist—rico
Competidor3,14/02/21,3420594,Hist—rico
Competidor3,21/02/21,2737402,Hist—rico
Competidor3,28/02/21,2453410,Hist—rico
Competidor3,04/03/21,2105854,Hist—rico
Competidor3,07/03/21,2432931,Hist—rico
Competidor3,14/03/21,3280167,Hist—rico
Competidor3,21/03/21,4014318,Hist—rico
Competidor3,28/03/21,2002608,Hist—rico
Competidor3,02/04/21,2400387,Hist—rico
Competidor3,11/04/21,2358860,Hist—rico
Competidor3,18/04/21,3448309,Hist—rico
Competidor3,25/04/21,3451829,Hist—rico
Competidor3,09/05/21,2807833,Hist—rico
Competidor3,16/05/21,3144455,Hist—rico
Competidor3,23/05/21,3463190,Hist—rico
Competidor3,30/05/21,2337679,Hist—rico
Competidor3,04/06/21,2244859,Hist—rico
Competidor3,06/06/21,2277393,Hist—rico
Competidor3,13/06/21,3444743,Hist—rico
Competidor3,20/06/21,4113601,Hist—rico
Competidor3,27/06/21,2234641,Hist—rico
Competidor3,01/07/21,2226318,Hist—rico
Competidor3,11/07/21,2324269,Hist—rico
Competidor3,18/07/21,3210433,Hist—rico
Competidor3,25/07/21,3494707,Hist—rico
Competidor3,08/08/21,2644541,Hist—rico
Competidor3,15/08/21,3056166,Hist—rico
Competidor3,22/08/21,3496738,Hist—rico
Competidor3,29/08/21,2157448,Hist—rico
Competidor3,03/09/21,1998919,Hist—rico
Competidor3,05/09/21,2254680,Hist—rico
Competidor3,12/09/21,2643494,Hist—rico
Competidor3,19/09/21,4362102,Hist—rico
Competidor3,26/09/21,2167342,Hist—rico
Competidor3,10/10/21,2406585,Hist—rico
Competidor3,17/10/21,2828677,Hist—rico
Competidor3,24/10/21,3108657,Hist—rico
Competidor3,31/10/21,2430244,Hist—rico
Competidor3,07/11/21,2851889,Hist—rico
Competidor3,14/11/21,2600674,Hist—rico
Competidor3,21/11/21,3353363,Hist—rico
Competidor3,28/11/21,2003482,Hist—rico
Competidor3,02/12/21,2152706,Hist—rico
Competidor3,05/12/21,2115473,Hist—rico
Competidor3,12/12/21,2366900,Hist—rico
Competidor3,19/12/21,3732824,Hist—rico
Competidor3,26/12/21,1981069,Hist—rico
Competidor3,09/01/22,3417846,Hist—rico
Competidor3,16/01/22,2441045,Hist—rico
Competidor3,23/01/22,1838833,Hist—rico
Competidor3,30/01/22,1951982,Hist—rico
Competidor3,06/02/22,2378744,Hist—rico
Competidor3,13/02/22,2368100,Hist—rico
Competidor3,20/02/22,3998929,Hist—rico
Competidor3,27/02/22,2139420,Hist—rico
Competidor3,03/03/22,2130553,Hist—rico
Competidor3,06/03/22,2652775,Hist—rico
Competidor3,13/03/22,2344827,Hist—rico
Competidor3,20/03/22,3341495,Hist—rico
Competidor3,27/03/22,2066801,Hist—rico
Competidor3,01/04/22,2296033,Hist—rico
Competidor3,10/04/22,2547340,Hist—rico
Competidor3,17/04/22,2522695,Hist—rico
Competidor3,24/04/22,3286692,Hist—rico
Competidor3,08/05/22,2682195,Hist—rico
Competidor4,06/01/19,33437807.75,Hist—rico
Competidor4,13/01/19,35073558.45,Hist—rico
Competidor4,20/01/19,32645099.16,Hist—rico
Competidor4,27/01/19,34642263.42,Hist—rico
Competidor4,03/02/19,33675869.75,Hist—rico
Competidor4,10/02/19,36985648.41,Hist—rico
Competidor4,17/02/19,32974603.45,Hist—rico
Competidor4,24/02/19,35570467,Hist—rico
Competidor4,03/03/19,34079241.6,Hist—rico
Competidor4,10/03/19,38213896.75,Hist—rico
Competidor4,17/03/19,35174862,Hist—rico
Competidor4,24/03/19,37668439,Hist—rico
Competidor4,31/03/19,33837213,Hist—rico
Competidor4,07/04/19,37467298.75,Hist—rico
Competidor4,14/04/19,35800765,Hist—rico
Competidor4,21/04/19,38603352.54,Hist—rico
Competidor4,28/04/19,36404870.5,Hist—rico
Competidor4,05/05/19,38369910.25,Hist—rico
Competidor4,12/05/19,37140364,Hist—rico
Competidor4,19/05/19,39344948.5,Hist—rico
Competidor4,26/05/19,38737621.79,Hist—rico
Competidor4,02/06/19,38697455,Hist—rico
Competidor4,09/06/19,39372107,Hist—rico
Competidor4,16/06/19,37786228,Hist—rico
Competidor4,23/06/19,36865165.25,Hist—rico
Competidor4,30/06/19,39275107.75,Hist—rico
Competidor4,07/07/19,38612591.25,Hist—rico
Competidor4,14/07/19,38291358.44,Hist—rico
Competidor4,21/07/19,36530680,Hist—rico
Competidor4,28/07/19,39143608.25,Hist—rico
Competidor4,04/08/19,36145296,Hist—rico
Competidor4,11/08/19,40009287.4,Hist—rico
Competidor4,18/08/19,36810296.75,Hist—rico
Competidor4,25/08/19,38820199.75,Hist—rico
Competidor4,01/09/19,36942626.54,Hist—rico
Competidor4,08/09/19,38279728.71,Hist—rico
Competidor4,15/09/19,36713599.65,Hist—rico
Competidor4,22/09/19,38878726,Hist—rico
Competidor4,29/09/19,35239253,Hist—rico
Competidor4,06/10/19,38432345.25,Hist—rico
Competidor4,13/10/19,36626531.96,Hist—rico
Competidor4,20/10/19,37423232.75,Hist—rico
Competidor4,27/10/19,35426015.79,Hist—rico
Competidor4,03/11/19,36215819.75,Hist—rico
Competidor4,10/11/19,34014057.75,Hist—rico
Competidor4,17/11/19,35947355.25,Hist—rico
Competidor4,24/11/19,34028603.5,Hist—rico
Competidor4,01/12/19,34774497.46,Hist—rico
Competidor4,08/12/19,34167737.5,Hist—rico
Competidor4,15/12/19,35486692,Hist—rico
Competidor4,22/12/19,34993235.5,Hist—rico
Competidor4,29/12/19,33389735,Hist—rico
Competidor4,05/01/20,32728363.25,Hist—rico
Competidor4,12/01/20,34934400.25,Hist—rico
Competidor4,19/01/20,32240286.75,Hist—rico
Competidor4,26/01/20,34041982.5,Hist—rico
Competidor4,02/02/20,32138055,Hist—rico
Competidor4,09/02/20,35802476.75,Hist—rico
Competidor4,16/02/20,32606219.9,Hist—rico
Competidor4,23/02/20,35029269.7,Hist—rico
Competidor4,01/03/20,32625893,Hist—rico
Competidor4,08/03/20,36437347.4,Hist—rico
Competidor4,15/03/20,34198825.25,Hist—rico
Competidor4,22/03/20,42200682.75,Hist—rico
Competidor4,29/03/20,37661437.5,Hist—rico
Competidor4,05/04/20,34207787.5,Hist—rico
Competidor4,12/04/20,35882720.5,Hist—rico
Competidor4,19/04/20,36166056.75,Hist—rico
Competidor4,26/04/20,36210917,Hist—rico
Competidor4,03/05/20,38618483,Hist—rico
Competidor4,10/05/20,37436339,Hist—rico
Competidor4,17/05/20,38533462,Hist—rico
Competidor4,24/05/20,39405115.95,Hist—rico
Competidor4,07/06/20,39735396.96,Hist—rico
Competidor4,14/06/20,40303443,Hist—rico
Competidor4,21/06/20,38516637.5,Hist—rico
Competidor4,28/06/20,39234425,Hist—rico
Competidor4,05/07/20,40522922.5,Hist—rico
Competidor4,12/07/20,40922353.5,Hist—rico
Competidor4,19/07/20,36855960.5,Hist—rico
Competidor4,26/07/20,39090646,Hist—rico
Competidor4,02/08/20,38049260,Hist—rico
Competidor4,09/08/20,40217447,Hist—rico
Competidor4,16/08/20,38656105,Hist—rico
Competidor4,23/08/20,40079036,Hist—rico
Competidor4,06/09/20,39617169,Hist—rico
Competidor4,13/09/20,37106165.9,Hist—rico
Competidor4,20/09/20,38807681.5,Hist—rico
Competidor4,27/09/20,34755276,Hist—rico
Competidor4,30/09/20,37094660.5,Hist—rico
Competidor4,04/10/20,37563381.6,Hist—rico
Competidor4,11/10/20,35868018,Hist—rico
Competidor4,18/10/20,37734625.5,Hist—rico
Competidor4,25/10/20,35599730,Hist—rico
Competidor4,01/11/20,37087770.6,Hist—rico
Competidor4,08/11/20,35526211,Hist—rico
Competidor4,15/11/20,37792064,Hist—rico
Competidor4,22/11/20,36434684.5,Hist—rico
Competidor4,06/12/20,33813720.5,Hist—rico
Competidor4,13/12/20,36055664.5,Hist—rico
Competidor4,20/12/20,34595307.5,Hist—rico
Competidor4,27/12/20,33849890,Hist—rico
Competidor4,29/12/20,34892672.5,Hist—rico
Competidor4,03/01/21,31207795,Hist—rico
Competidor4,10/01/21,35334323,Hist—rico
Competidor4,17/01/21,33762871.5,Hist—rico
Competidor4,24/01/21,34035296,Hist—rico
Competidor4,07/02/21,34052469,Hist—rico
Competidor4,14/02/21,34059477,Hist—rico
Competidor4,21/02/21,28300917,Hist—rico
Competidor4,28/02/21,34875583,Hist—rico
Competidor4,04/03/21,35402323,Hist—rico
Competidor4,07/03/21,35622364.5,Hist—rico
Competidor4,14/03/21,35386457,Hist—rico
Competidor4,21/03/21,36579541.5,Hist—rico
Competidor4,28/03/21,35087993,Hist—rico
Competidor4,02/04/21,35405867,Hist—rico
Competidor4,11/04/21,37117498,Hist—rico
Competidor4,18/04/21,37664791.5,Hist—rico
Competidor4,25/04/21,37058087.5,Hist—rico
Competidor4,09/05/21,36727186,Hist—rico
Competidor4,16/05/21,35559095.5,Hist—rico
Competidor4,23/05/21,36699752.5,Hist—rico
Competidor4,30/05/21,36675305,Hist—rico
Competidor4,04/06/21,36432977.5,Hist—rico
Competidor4,06/06/21,36270899,Hist—rico
Competidor4,13/06/21,37043403,Hist—rico
Competidor4,20/06/21,36884333.5,Hist—rico
Competidor4,27/06/21,36429139.5,Hist—rico
Competidor4,01/07/21,35404761,Hist—rico
Competidor4,11/07/21,35779298.4,Hist—rico
Competidor4,18/07/21,36336396.5,Hist—rico
Competidor4,25/07/21,36732620.3,Hist—rico
Competidor4,08/08/21,36359420,Hist—rico
Competidor4,15/08/21,35790985.46,Hist—rico
Competidor4,22/08/21,37011707.5,Hist—rico
Competidor4,29/08/21,34546959.8,Hist—rico
Competidor4,03/09/21,33648160.8,Hist—rico
Competidor4,05/09/21,35382076.8,Hist—rico
Competidor4,12/09/21,34148958.1,Hist—rico
Competidor4,19/09/21,37409440.4,Hist—rico
Competidor4,26/09/21,34064797,Hist—rico
Competidor4,10/10/21,34887114.9,Hist—rico
Competidor4,17/10/21,34623656.6,Hist—rico
Competidor4,24/10/21,35239516,Hist—rico
Competidor4,31/10/21,33809194.5,Hist—rico
Competidor4,07/11/21,33951018.5,Hist—rico
Competidor4,14/11/21,32813253.3,Hist—rico
Competidor4,21/11/21,34451660,Hist—rico
Competidor4,28/11/21,31440462.7,Hist—rico
Competidor4,02/12/21,30899367.5,Hist—rico
Competidor4,05/12/21,32307930.5,Hist—rico
Competidor4,12/12/21,31927950.3,Hist—rico
Competidor4,19/12/21,34062149.7,Hist—rico
Competidor4,26/12/21,32379473,Hist—rico
Competidor4,09/01/22,31737470.5,Hist—rico
Competidor4,16/01/22,29726226.5,Hist—rico
Competidor4,23/01/22,28945026.1,Hist—rico
Competidor4,30/01/22,29554553,Hist—rico
Competidor4,06/02/22,29651809,Hist—rico
Competidor4,13/02/22,30777430.5,Hist—rico
Competidor4,20/02/22,32502262.6,Hist—rico
Competidor4,27/02/22,32143846,Hist—rico
Competidor4,03/03/22,32362110.5,Hist—rico
Competidor4,06/03/22,32506197.1,Hist—rico
Competidor4,13/03/22,32325324.3,Hist—rico
Competidor4,20/03/22,31715527.2,Hist—rico
Competidor4,27/03/22,32994861,Hist—rico
Competidor4,01/04/22,34502930.5,Hist—rico
Competidor4,10/04/22,32263526,Hist—rico
Competidor4,17/04/22,31326462.5,Hist—rico
Competidor4,24/04/22,32592038,Hist—rico
Competidor4,08/05/22,33457145,Hist—rico
Competidor5,06/01/19,4374727,Hist—rico
Competidor5,13/01/19,3207331,Hist—rico
Competidor5,20/01/19,3339479,Hist—rico
Competidor5,27/01/19,3525728,Hist—rico
Competidor5,03/02/19,4265137,Hist—rico
Competidor5,10/02/19,4977378,Hist—rico
Competidor5,17/02/19,3122006,Hist—rico
Competidor5,24/02/19,3338361,Hist—rico
Competidor5,03/03/19,3512670,Hist—rico
Competidor5,10/03/19,3893406,Hist—rico
Competidor5,17/03/19,4548177,Hist—rico
Competidor5,24/03/19,5216008,Hist—rico
Competidor5,31/03/19,3090287,Hist—rico
Competidor5,07/04/19,3344723,Hist—rico
Competidor5,14/04/19,3677999,Hist—rico
Competidor5,21/04/19,3973583,Hist—rico
Competidor5,28/04/19,5279475,Hist—rico
Competidor5,05/05/19,3312839,Hist—rico
Competidor5,12/05/19,3640552,Hist—rico
Competidor5,19/05/19,4331712,Hist—rico
Competidor5,26/05/19,5076637,Hist—rico
Competidor5,02/06/19,3971782,Hist—rico
Competidor5,09/06/19,5440865,Hist—rico
Competidor5,16/06/19,3275423,Hist—rico
Competidor5,23/06/19,4117137,Hist—rico
Competidor5,30/06/19,3551314,Hist—rico
Competidor5,07/07/19,4369707,Hist—rico
Competidor5,14/07/19,3425829,Hist—rico
Competidor5,21/07/19,4080492,Hist—rico
Competidor5,28/07/19,4672027,Hist—rico
Competidor5,04/08/19,3291076,Hist—rico
Competidor5,11/08/19,3734236,Hist—rico
Competidor5,18/08/19,4131930,Hist—rico
Competidor5,25/08/19,5187530,Hist—rico
Competidor5,01/09/19,3463305,Hist—rico
Competidor5,08/09/19,3423865,Hist—rico
Competidor5,15/09/19,4344010,Hist—rico
Competidor5,22/09/19,5202602,Hist—rico
Competidor5,29/09/19,2922966,Hist—rico
Competidor5,06/10/19,3295047,Hist—rico
Competidor5,13/10/19,3666887,Hist—rico
Competidor5,20/10/19,4220527,Hist—rico
Competidor5,27/10/19,4507053,Hist—rico
Competidor5,03/11/19,3068050,Hist—rico
Competidor5,10/11/19,3412852,Hist—rico
Competidor5,17/11/19,4149640,Hist—rico
Competidor5,24/11/19,4679273,Hist—rico
Competidor5,01/12/19,2933727,Hist—rico
Competidor5,08/12/19,3334222,Hist—rico
Competidor5,15/12/19,3763175,Hist—rico
Competidor5,22/12/19,5646149,Hist—rico
Competidor5,29/12/19,2987835,Hist—rico
Competidor5,05/01/20,4003814,Hist—rico
Competidor5,12/01/20,2775446,Hist—rico
Competidor5,19/01/20,3406011,Hist—rico
Competidor5,26/01/20,4128079,Hist—rico
Competidor5,02/02/20,2774257,Hist—rico
Competidor5,09/02/20,3123248,Hist—rico
Competidor5,16/02/20,4090352,Hist—rico
Competidor5,23/02/20,4719092,Hist—rico
Competidor5,01/03/20,2850366,Hist—rico
Competidor5,08/03/20,3204588,Hist—rico
Competidor5,15/03/20,4191666,Hist—rico
Competidor5,22/03/20,5879848,Hist—rico
Competidor5,29/03/20,3320538,Hist—rico
Competidor5,05/04/20,2861088,Hist—rico
Competidor5,12/04/20,3346796,Hist—rico
Competidor5,19/04/20,3659875,Hist—rico
Competidor5,26/04/20,5412466,Hist—rico
Competidor5,03/05/20,2826913,Hist—rico
Competidor5,10/05/20,3186897,Hist—rico
Competidor5,17/05/20,4281845,Hist—rico
Competidor5,24/05/20,5001007,Hist—rico
Competidor5,07/06/20,4238757,Hist—rico
Competidor5,14/06/20,5248152,Hist—rico
Competidor5,21/06/20,3283287,Hist—rico
Competidor5,28/06/20,3083314,Hist—rico
Competidor5,05/07/20,4125213,Hist—rico
Competidor5,12/07/20,4627097,Hist—rico
Competidor5,19/07/20,3119742,Hist—rico
Competidor5,26/07/20,3324375,Hist—rico
Competidor5,02/08/20,3441132,Hist—rico
Competidor5,09/08/20,3697971,Hist—rico
Competidor5,16/08/20,4485587,Hist—rico
Competidor5,23/08/20,4872082,Hist—rico
Competidor5,06/09/20,3180537,Hist—rico
Competidor5,13/09/20,4355014,Hist—rico
Competidor5,20/09/20,4840930,Hist—rico
Competidor5,27/09/20,2835244,Hist—rico
Competidor5,30/09/20,3021815,Hist—rico
Competidor5,04/10/20,2963552,Hist—rico
Competidor5,11/10/20,3217893,Hist—rico
Competidor5,18/10/20,4091241,Hist—rico
Competidor5,25/10/20,4306770,Hist—rico
Competidor5,01/11/20,2965502,Hist—rico
Competidor5,08/11/20,3118255,Hist—rico
Competidor5,15/11/20,4085284,Hist—rico
Competidor5,22/11/20,4464900,Hist—rico
Competidor5,06/12/20,3831187,Hist—rico
Competidor5,13/12/20,5159027,Hist—rico
Competidor5,20/12/20,5420471,Hist—rico
Competidor5,27/12/20,4638873,Hist—rico
Competidor5,29/12/20,2828632,Hist—rico
Competidor5,03/01/21,2509535,Hist—rico
Competidor5,10/01/21,3081300,Hist—rico
Competidor5,17/01/21,3627540,Hist—rico
Competidor5,24/01/21,4098938,Hist—rico
Competidor5,07/02/21,3542365,Hist—rico
Competidor5,14/02/21,4185549,Hist—rico
Competidor5,21/02/21,3800726,Hist—rico
Competidor5,28/02/21,3218928,Hist—rico
Competidor5,04/03/21,2835453,Hist—rico
Competidor5,07/03/21,3131283,Hist—rico
Competidor5,14/03/21,4093491,Hist—rico
Competidor5,21/03/21,5088403,Hist—rico
Competidor5,28/03/21,2730703,Hist—rico
Competidor5,02/04/21,3120869,Hist—rico
Competidor5,11/04/21,3137968,Hist—rico
Competidor5,18/04/21,4128440,Hist—rico
Competidor5,25/04/21,4295427,Hist—rico
Competidor5,09/05/21,3823829,Hist—rico
Competidor5,16/05/21,4250719,Hist—rico
Competidor5,23/05/21,4429906,Hist—rico
Competidor5,30/05/21,3088764,Hist—rico
Competidor5,04/06/21,3022488,Hist—rico
Competidor5,06/06/21,2976197,Hist—rico
Competidor5,13/06/21,4288219,Hist—rico
Competidor5,20/06/21,5565214,Hist—rico
Competidor5,27/06/21,3291135,Hist—rico
Competidor5,01/07/21,3320176,Hist—rico
Competidor5,11/07/21,3003206.7,Hist—rico
Competidor5,18/07/21,3776015,Hist—rico
Competidor5,25/07/21,5103655,Hist—rico
Competidor5,08/08/21,4132605,Hist—rico
Competidor5,15/08/21,3649249,Hist—rico
Competidor5,22/08/21,4249182,Hist—rico
Competidor5,29/08/21,3244832,Hist—rico
Competidor5,03/09/21,2854284,Hist—rico
Competidor5,05/09/21,3512389,Hist—rico
Competidor5,12/09/21,3407865,Hist—rico
Competidor5,19/09/21,5075517,Hist—rico
Competidor5,26/09/21,3470933,Hist—rico
Competidor5,10/10/21,3230893,Hist—rico
Competidor5,17/10/21,3856050,Hist—rico
Competidor5,24/10/21,4229092,Hist—rico
Competidor5,31/10/21,3275092,Hist—rico
Competidor5,07/11/21,4082376,Hist—rico
Competidor5,14/11/21,3682441,Hist—rico
Competidor5,21/11/21,4785748,Hist—rico
Competidor5,28/11/21,2753385,Hist—rico
Competidor5,02/12/21,2984626,Hist—rico
Competidor5,05/12/21,2899937,Hist—rico
Competidor5,12/12/21,3235373,Hist—rico
Competidor5,19/12/21,4977417,Hist—rico
Competidor5,26/12/21,2758312,Hist—rico
Competidor5,09/01/22,4580028,Hist—rico
Competidor5,16/01/22,3530822,Hist—rico
Competidor5,23/01/22,2773498,Hist—rico
Competidor5,30/01/22,2743764,Hist—rico
Competidor5,06/02/22,3026038,Hist—rico
Competidor5,13/02/22,3309167,Hist—rico
Competidor5,20/02/22,5167188,Hist—rico
Competidor5,27/02/22,3161843,Hist—rico
Competidor5,03/03/22,2995622,Hist—rico
Competidor5,06/03/22,4264970,Hist—rico
Competidor5,13/03/22,3203645,Hist—rico
Competidor5,20/03/22,4581047,Hist—rico
Competidor5,27/03/22,2870267,Hist—rico
Competidor5,01/04/22,3205509,Hist—rico
Competidor5,10/04/22,3414393,Hist—rico
Competidor5,17/04/22,3528132,Hist—rico
Competidor5,24/04/22,4486068,Hist—rico
Competidor5,08/05/22,3838649,Hist—rico
Competidor6,06/01/19,49876275.5,Hist—rico
Competidor6,13/01/19,53622682.9,Hist—rico
Competidor6,20/01/19,50414639.8,Hist—rico
Competidor6,27/01/19,52815638.9,Hist—rico
Competidor6,03/02/19,49815094.46,Hist—rico
Competidor6,10/02/19,57351965.2,Hist—rico
Competidor6,17/02/19,50571870,Hist—rico
Competidor6,24/02/19,54164551.86,Hist—rico
Competidor6,03/03/19,51087574.5,Hist—rico
Competidor6,10/03/19,57639866,Hist—rico
Competidor6,17/03/19,53957728.5,Hist—rico
Competidor6,24/03/19,56021712.11,Hist—rico
Competidor6,31/03/19,52024152,Hist—rico
Competidor6,07/04/19,56563809.04,Hist—rico
Competidor6,14/04/19,54247380,Hist—rico
Competidor6,21/04/19,57263858.5,Hist—rico
Competidor6,28/04/19,54101859,Hist—rico
Competidor6,05/05/19,56755861,Hist—rico
Competidor6,12/05/19,55395836.75,Hist—rico
Competidor6,19/05/19,58865349.5,Hist—rico
Competidor6,26/05/19,57791980.5,Hist—rico
Competidor6,02/06/19,55976791,Hist—rico
Competidor6,09/06/19,57703548,Hist—rico
Competidor6,16/06/19,56003546.5,Hist—rico
Competidor6,23/06/19,54270275.5,Hist—rico
Competidor6,30/06/19,57761624.25,Hist—rico
Competidor6,07/07/19,57144007,Hist—rico
Competidor6,14/07/19,55104026.5,Hist—rico
Competidor6,21/07/19,53691659.75,Hist—rico
Competidor6,28/07/19,57612705,Hist—rico
Competidor6,04/08/19,53093077.5,Hist—rico
Competidor6,11/08/19,57780674,Hist—rico
Competidor6,18/08/19,53886768.5,Hist—rico
Competidor6,25/08/19,56047124.5,Hist—rico
Competidor6,01/09/19,54931008.3,Hist—rico
Competidor6,08/09/19,55373625.04,Hist—rico
Competidor6,15/09/19,53811900,Hist—rico
Competidor6,22/09/19,56637382.9,Hist—rico
Competidor6,29/09/19,51666276.9,Hist—rico
Competidor6,06/10/19,56911009.7,Hist—rico
Competidor6,13/10/19,55256096.2,Hist—rico
Competidor6,20/10/19,55652870.8,Hist—rico
Competidor6,27/10/19,52035463.2,Hist—rico
Competidor6,03/11/19,53635273.9,Hist—rico
Competidor6,10/11/19,52432837.61,Hist—rico
Competidor6,17/11/19,54499494.3,Hist—rico
Competidor6,24/11/19,50951701.2,Hist—rico
Competidor6,01/12/19,51121406,Hist—rico
Competidor6,08/12/19,52473459.8,Hist—rico
Competidor6,15/12/19,54071224.15,Hist—rico
Competidor6,22/12/19,52823597.5,Hist—rico
Competidor6,29/12/19,48928672.45,Hist—rico
Competidor6,05/01/20,49271962.75,Hist—rico
Competidor6,12/01/20,52769594.8,Hist—rico
Competidor6,19/01/20,49612214.64,Hist—rico
Competidor6,26/01/20,51781580.1,Hist—rico
Competidor6,02/02/20,48443169.1,Hist—rico
Competidor6,09/02/20,53525263.76,Hist—rico
Competidor6,16/02/20,50259619.16,Hist—rico
Competidor6,23/02/20,53278286.92,Hist—rico
Competidor6,01/03/20,49553012.46,Hist—rico
Competidor6,08/03/20,55727650.9,Hist—rico
Competidor6,15/03/20,52797466.9,Hist—rico
Competidor6,22/03/20,65856019.7,Hist—rico
Competidor6,29/03/20,58682403.9,Hist—rico
Competidor6,05/04/20,53035651.75,Hist—rico
Competidor6,12/04/20,51754285.3,Hist—rico
Competidor6,19/04/20,53934398.76,Hist—rico
Competidor6,26/04/20,52418371.9,Hist—rico
Competidor6,03/05/20,55918091.7,Hist—rico
Competidor6,10/05/20,55402274.5,Hist—rico
Competidor6,17/05/20,57788071.7,Hist—rico
Competidor6,24/05/20,57584753.9,Hist—rico
Competidor6,07/06/20,58306295,Hist—rico
Competidor6,14/06/20,60361665.1,Hist—rico
Competidor6,21/06/20,56348194.4,Hist—rico
Competidor6,28/06/20,57465390.7,Hist—rico
Competidor6,05/07/20,59176133.2,Hist—rico
Competidor6,12/07/20,59217144.4,Hist—rico
Competidor6,19/07/20,53692334,Hist—rico
Competidor6,26/07/20,57400979.2,Hist—rico
Competidor6,02/08/20,55040708.3,Hist—rico
Competidor6,09/08/20,58771026.66,Hist—rico
Competidor6,16/08/20,56653953.5,Hist—rico
Competidor6,23/08/20,58333124.4,Hist—rico
Competidor6,06/09/20,58546392.4,Hist—rico
Competidor6,13/09/20,55045732.7,Hist—rico
Competidor6,20/09/20,55030636.5,Hist—rico
Competidor6,27/09/20,51823999.1,Hist—rico
Competidor6,30/09/20,53979016.9,Hist—rico
Competidor6,04/10/20,55447011,Hist—rico
Competidor6,11/10/20,52860427.7,Hist—rico
Competidor6,18/10/20,56802246.2,Hist—rico
Competidor6,25/10/20,52121264.7,Hist—rico
Competidor6,01/11/20,54725179,Hist—rico
Competidor6,08/11/20,53001958.2,Hist—rico
Competidor6,15/11/20,57433724.9,Hist—rico
Competidor6,22/11/20,53847124.6,Hist—rico
Competidor6,06/12/20,51207343.8,Hist—rico
Competidor6,13/12/20,54148816.4,Hist—rico
Competidor6,20/12/20,52918846.5,Hist—rico
Competidor6,27/12/20,50476933.2,Hist—rico
Competidor6,29/12/20,51981508.4,Hist—rico
Competidor6,03/01/21,47578229.8,Hist—rico
Competidor6,10/01/21,53365204,Hist—rico
Competidor6,17/01/21,51332075.4,Hist—rico
Competidor6,24/01/21,50593351.6,Hist—rico
Competidor6,07/02/21,51174959.3,Hist—rico
Competidor6,14/02/21,51179722.2,Hist—rico
Competidor6,21/02/21,44368461.9,Hist—rico
Competidor6,28/02/21,52640113.4,Hist—rico
Competidor6,04/03/21,54257798.1,Hist—rico
Competidor6,07/03/21,53767258.3,Hist—rico
Competidor6,14/03/21,53848015.9,Hist—rico
Competidor6,21/03/21,54387718.3,Hist—rico
Competidor6,28/03/21,53000161,Hist—rico
Competidor6,02/04/21,53529789.4,Hist—rico
Competidor6,11/04/21,56250638.8,Hist—rico
Competidor6,18/04/21,56361678.6,Hist—rico
Competidor6,25/04/21,55817448.7,Hist—rico
Competidor6,09/05/21,56958575.2,Hist—rico
Competidor6,16/05/21,54041977.6,Hist—rico
Competidor6,23/05/21,54453436.6,Hist—rico
Competidor6,30/05/21,54787389.8,Hist—rico
Competidor6,04/06/21,54634398.6,Hist—rico
Competidor6,06/06/21,54489854.6,Hist—rico
Competidor6,13/06/21,55522075.4,Hist—rico
Competidor6,20/06/21,54762965.3,Hist—rico
Competidor6,27/06/21,53689211.8,Hist—rico
Competidor6,01/07/21,52466589.3,Hist—rico
Competidor6,11/07/21,52677341,Hist—rico
Competidor6,18/07/21,53136411.7,Hist—rico
Competidor6,25/07/21,54783716.2,Hist—rico
Competidor6,08/08/21,54213253.5,Hist—rico
Competidor6,15/08/21,52499241.4,Hist—rico
Competidor6,22/08/21,53123764.8,Hist—rico
Competidor6,29/08/21,52574002.3,Hist—rico
Competidor6,03/09/21,50627160.5,Hist—rico
Competidor6,05/09/21,53900553.1,Hist—rico
Competidor6,12/09/21,51109478.8,Hist—rico
Competidor6,19/09/21,53370700.3,Hist—rico
Competidor6,26/09/21,50952399.6,Hist—rico
Competidor6,10/10/21,52027060.7,Hist—rico
Competidor6,17/10/21,51723132.8,Hist—rico
Competidor6,24/10/21,52267326.1,Hist—rico
Competidor6,31/10/21,50843329.1,Hist—rico
Competidor6,07/11/21,51969494,Hist—rico
Competidor6,14/11/21,49479384.6,Hist—rico
Competidor6,21/11/21,52882618.35,Hist—rico
Competidor6,28/11/21,46966576,Hist—rico
Competidor6,02/12/21,47516617.2,Hist—rico
Competidor6,05/12/21,49787112.8,Hist—rico
Competidor6,12/12/21,49119261.8,Hist—rico
Competidor6,19/12/21,51775951.3,Hist—rico
Competidor6,26/12/21,49520179.5,Hist—rico
Competidor6,09/01/22,48204232.4,Hist—rico
Competidor6,16/01/22,46883099.6,Hist—rico
Competidor6,23/01/22,44448237.8,Hist—rico
Competidor6,30/01/22,45399647.4,Hist—rico
Competidor6,06/02/22,44755095.1,Hist—rico
Competidor6,13/02/22,47520278.06,Hist—rico
Competidor6,20/02/22,49425841.5,Hist—rico
Competidor6,27/02/22,49067738.5,Hist—rico
Competidor6,03/03/22,49428395.4,Hist—rico
Competidor6,06/03/22,50277456.5,Hist—rico
Competidor6,13/03/22,49503958.8,Hist—rico
Competidor6,20/03/22,49029911.5,Hist—rico
Competidor6,27/03/22,50278593.8,Hist—rico
Competidor6,01/04/22,51871122.6,Hist—rico
Competidor6,10/04/22,51119394.7,Hist—rico
Competidor6,17/04/22,48253904.4,Hist—rico
Competidor6,24/04/22,50143091.8,Hist—rico
Competidor6,08/05/22,50829150.2,Hist—rico
Competidor7,06/01/19,1539561,Hist—rico
Competidor7,13/01/19,1090031,Hist—rico
Competidor7,20/01/19,1054273,Hist—rico
Competidor7,27/01/19,1104712,Hist—rico
Competidor7,03/02/19,1345256,Hist—rico
Competidor7,10/02/19,1669967,Hist—rico
Competidor7,17/02/19,1002036,Hist—rico
Competidor7,24/02/19,1059117,Hist—rico
Competidor7,03/03/19,1181300,Hist—rico
Competidor7,10/03/19,1266483,Hist—rico
Competidor7,17/03/19,1439364,Hist—rico
Competidor7,24/03/19,1819593,Hist—rico
Competidor7,31/03/19,965356,Hist—rico
Competidor7,07/04/19,1067310,Hist—rico
Competidor7,14/04/19,1205078,Hist—rico
Competidor7,21/04/19,1389866,Hist—rico
Competidor7,28/04/19,1697402,Hist—rico
Competidor7,05/05/19,1048089,Hist—rico
Competidor7,12/05/19,1170870,Hist—rico
Competidor7,19/05/19,1363158,Hist—rico
Competidor7,26/05/19,1666143,Hist—rico
Competidor7,02/06/19,1397717,Hist—rico
Competidor7,09/06/19,1783892,Hist—rico
Competidor7,16/06/19,1151291,Hist—rico
Competidor7,23/06/19,1349696,Hist—rico
Competidor7,30/06/19,1196512,Hist—rico
Competidor7,07/07/19,1481652,Hist—rico
Competidor7,14/07/19,1142771,Hist—rico
Competidor7,21/07/19,1311177,Hist—rico
Competidor7,28/07/19,1636299,Hist—rico
Competidor7,04/08/19,1090342,Hist—rico
Competidor7,11/08/19,1227408,Hist—rico
Competidor7,18/08/19,1369472,Hist—rico
Competidor7,25/08/19,1746588,Hist—rico
Competidor7,01/09/19,1158918,Hist—rico
Competidor7,08/09/19,1145286,Hist—rico
Competidor7,15/09/19,1480013,Hist—rico
Competidor7,22/09/19,2040738,Hist—rico
Competidor7,29/09/19,911787,Hist—rico
Competidor7,06/10/19,994901,Hist—rico
Competidor7,13/10/19,1126151,Hist—rico
Competidor7,20/10/19,1324739,Hist—rico
Competidor7,27/10/19,1554732,Hist—rico
Competidor7,03/11/19,1015608,Hist—rico
Competidor7,10/11/19,1050675,Hist—rico
Competidor7,17/11/19,1310488,Hist—rico
Competidor7,24/11/19,1477735,Hist—rico
Competidor7,01/12/19,1027193,Hist—rico
Competidor7,08/12/19,1055331,Hist—rico
Competidor7,15/12/19,1220681,Hist—rico
Competidor7,22/12/19,1841306,Hist—rico
Competidor7,29/12/19,1014903,Hist—rico
Competidor7,05/01/20,1269708,Hist—rico
Competidor7,12/01/20,833042,Hist—rico
Competidor7,19/01/20,1026173,Hist—rico
Competidor7,26/01/20,1372128,Hist—rico
Competidor7,02/02/20,861487,Hist—rico
Competidor7,09/02/20,993385,Hist—rico
Competidor7,16/02/20,1227754,Hist—rico
Competidor7,23/02/20,1521265,Hist—rico
Competidor7,01/03/20,906016,Hist—rico
Competidor7,08/03/20,1067327,Hist—rico
Competidor7,15/03/20,1296830,Hist—rico
Competidor7,22/03/20,1899781,Hist—rico
Competidor7,29/03/20,1031033,Hist—rico
Competidor7,05/04/20,872038,Hist—rico
Competidor7,12/04/20,1116555,Hist—rico
Competidor7,19/04/20,1121637,Hist—rico
Competidor7,26/04/20,1658183,Hist—rico
Competidor7,03/05/20,1011288,Hist—rico
Competidor7,10/05/20,1037322,Hist—rico
Competidor7,17/05/20,1299574,Hist—rico
Competidor7,24/05/20,1659839,Hist—rico
Competidor7,07/06/20,1348819,Hist—rico
Competidor7,14/06/20,1799174,Hist—rico
Competidor7,21/06/20,1055837,Hist—rico
Competidor7,28/06/20,1044288,Hist—rico
Competidor7,05/07/20,1342338,Hist—rico
Competidor7,12/07/20,1585247,Hist—rico
Competidor7,19/07/20,1022990,Hist—rico
Competidor7,26/07/20,1072823,Hist—rico
Competidor7,02/08/20,1191099,Hist—rico
Competidor7,09/08/20,1228700,Hist—rico
Competidor7,16/08/20,1412421,Hist—rico
Competidor7,23/08/20,1609907,Hist—rico
Competidor7,06/09/20,1083836,Hist—rico
Competidor7,13/09/20,1398544,Hist—rico
Competidor7,20/09/20,1657866,Hist—rico
Competidor7,27/09/20,871921,Hist—rico
Competidor7,30/09/20,1003476,Hist—rico
Competidor7,04/10/20,993868,Hist—rico
Competidor7,11/10/20,1052463,Hist—rico
Competidor7,18/10/20,1228444,Hist—rico
Competidor7,25/10/20,1438748,Hist—rico
Competidor7,01/11/20,1048612,Hist—rico
Competidor7,08/11/20,947395,Hist—rico
Competidor7,15/11/20,1163782,Hist—rico
Competidor7,22/11/20,1435479,Hist—rico
Competidor7,06/12/20,1141736,Hist—rico
Competidor7,13/12/20,1724514,Hist—rico
Competidor7,20/12/20,1351590,Hist—rico
Competidor7,27/12/20,1347198,Hist—rico
Competidor7,29/12/20,1017342,Hist—rico
Competidor7,03/01/21,734574,Hist—rico
Competidor7,10/01/21,881897,Hist—rico
Competidor7,17/01/21,1133009,Hist—rico
Competidor7,24/01/21,1403046,Hist—rico
Competidor7,07/02/21,1074264,Hist—rico
Competidor7,14/02/21,1210983,Hist—rico
Competidor7,21/02/21,1240879,Hist—rico
Competidor7,28/02/21,1037377,Hist—rico
Competidor7,04/03/21,935381,Hist—rico
Competidor7,07/03/21,1063550,Hist—rico
Competidor7,14/03/21,1328500,Hist—rico
Competidor7,21/03/21,1774245,Hist—rico
Competidor7,28/03/21,912356,Hist—rico
Competidor7,02/04/21,1010302,Hist—rico
Competidor7,11/04/21,1037934,Hist—rico
Competidor7,18/04/21,1423111,Hist—rico
Competidor7,25/04/21,1393662,Hist—rico
Competidor7,09/05/21,1218736,Hist—rico
Competidor7,16/05/21,1298871,Hist—rico
Competidor7,23/05/21,1450802,Hist—rico
Competidor7,30/05/21,1092607,Hist—rico
Competidor7,04/06/21,1078219,Hist—rico
Competidor7,06/06/21,998111,Hist—rico
Competidor7,13/06/21,1351263,Hist—rico
Competidor7,20/06/21,1634583,Hist—rico
Competidor7,27/06/21,1239429,Hist—rico
Competidor7,01/07/21,968502,Hist—rico
Competidor7,11/07/21,1011752,Hist—rico
Competidor7,18/07/21,1354975.7,Hist—rico
Competidor7,25/07/21,1445117,Hist—rico
Competidor7,08/08/21,1109130,Hist—rico
Competidor7,15/08/21,1292793,Hist—rico
Competidor7,22/08/21,1342304,Hist—rico
Competidor7,29/08/21,1017651,Hist—rico
Competidor7,03/09/21,917951,Hist—rico
Competidor7,05/09/21,1057722,Hist—rico
Competidor7,12/09/21,1202631,Hist—rico
Competidor7,19/09/21,1656411,Hist—rico
Competidor7,26/09/21,918079,Hist—rico
Competidor7,10/10/21,1039382,Hist—rico
Competidor7,17/10/21,1258348,Hist—rico
Competidor7,24/10/21,1251248,Hist—rico
Competidor7,31/10/21,1028724,Hist—rico
Competidor7,07/11/21,1125269,Hist—rico
Competidor7,14/11/21,1103104,Hist—rico
Competidor7,21/11/21,1333389,Hist—rico
Competidor7,28/11/21,872719,Hist—rico
Competidor7,02/12/21,890758,Hist—rico
Competidor7,05/12/21,911866,Hist—rico
Competidor7,12/12/21,1043714,Hist—rico
Competidor7,19/12/21,1492567,Hist—rico
Competidor7,26/12/21,880401,Hist—rico
Competidor7,09/01/22,1413237,Hist—rico
Competidor7,16/01/22,850465,Hist—rico
Competidor7,23/01/22,742174,Hist—rico
Competidor7,30/01/22,808000,Hist—rico
Competidor7,06/02/22,945225,Hist—rico
Competidor7,13/02/22,930649,Hist—rico
Competidor7,20/02/22,1518743,Hist—rico
Competidor7,27/02/22,848731,Hist—rico
Competidor7,03/03/22,861459,Hist—rico
Competidor7,06/03/22,1041114,Hist—rico
Competidor7,13/03/22,1021159,Hist—rico
Competidor7,20/03/22,1295154,Hist—rico
Competidor7,27/03/22,771973,Hist—rico
Competidor7,01/04/22,853624,Hist—rico
Competidor7,10/04/22,1024907,Hist—rico
Competidor7,17/04/22,1033234,Hist—rico
Competidor7,24/04/22,1224696,Hist—rico
Competidor7,08/05/22,1004833,Hist—rico
Competidor8,06/01/19,13854688,Hist—rico
Competidor8,13/01/19,14450155.4,Hist—rico
Competidor8,20/01/19,13600906.1,Hist—rico
Competidor8,27/01/19,14408624.6,Hist—rico
Competidor8,03/02/19,13806459.5,Hist—rico
Competidor8,10/02/19,15616603.8,Hist—rico
Competidor8,17/02/19,13579528.3,Hist—rico
Competidor8,24/02/19,14753748.5,Hist—rico
Competidor8,03/03/19,14242457.4,Hist—rico
Competidor8,10/03/19,15818648.5,Hist—rico
Competidor8,17/03/19,14314742.5,Hist—rico
Competidor8,24/03/19,15694843,Hist—rico
Competidor8,31/03/19,14385903.46,Hist—rico
Competidor8,07/04/19,15685182.5,Hist—rico
Competidor8,14/04/19,15121795,Hist—rico
Competidor8,21/04/19,16288094,Hist—rico
Competidor8,28/04/19,15359497.04,Hist—rico
Competidor8,05/05/19,16300630.5,Hist—rico
Competidor8,12/05/19,15310715.5,Hist—rico
Competidor8,19/05/19,16341482.5,Hist—rico
Competidor8,26/05/19,16348806.5,Hist—rico
Competidor8,02/06/19,16292479.5,Hist—rico
Competidor8,09/06/19,16421365.5,Hist—rico
Competidor8,16/06/19,16148881.7,Hist—rico
Competidor8,23/06/19,15572186,Hist—rico
Competidor8,30/06/19,16893106.5,Hist—rico
Competidor8,07/07/19,17018374.5,Hist—rico
Competidor8,14/07/19,16185205,Hist—rico
Competidor8,21/07/19,15686372.5,Hist—rico
Competidor8,28/07/19,16720578.9,Hist—rico
Competidor8,04/08/19,15774301.14,Hist—rico
Competidor8,11/08/19,16853754,Hist—rico
Competidor8,18/08/19,15318891,Hist—rico
Competidor8,25/08/19,16755127.2,Hist—rico
Competidor8,01/09/19,15891748.5,Hist—rico
Competidor8,08/09/19,15953722.3,Hist—rico
Competidor8,15/09/19,15499881.8,Hist—rico
Competidor8,22/09/19,16870004.6,Hist—rico
Competidor8,29/09/19,14927402,Hist—rico
Competidor8,06/10/19,16343752,Hist—rico
Competidor8,13/10/19,15405705,Hist—rico
Competidor8,20/10/19,15606821.5,Hist—rico
Competidor8,27/10/19,15002108,Hist—rico
Competidor8,03/11/19,15342647.96,Hist—rico
Competidor8,10/11/19,14277794,Hist—rico
Competidor8,17/11/19,15259637.7,Hist—rico
Competidor8,24/11/19,14156982,Hist—rico
Competidor8,01/12/19,14809535,Hist—rico
Competidor8,08/12/19,14383072.5,Hist—rico
Competidor8,15/12/19,14923744.5,Hist—rico
Competidor8,22/12/19,14810880,Hist—rico
Competidor8,29/12/19,13804342.5,Hist—rico
Competidor8,05/01/20,13966619.04,Hist—rico
Competidor8,12/01/20,15030956,Hist—rico
Competidor8,19/01/20,13422226.96,Hist—rico
Competidor8,26/01/20,14377853.2,Hist—rico
Competidor8,02/02/20,13257220,Hist—rico
Competidor8,09/02/20,14990700,Hist—rico
Competidor8,16/02/20,13513873.96,Hist—rico
Competidor8,23/02/20,14737334.4,Hist—rico
Competidor8,01/03/20,13714012.16,Hist—rico
Competidor8,08/03/20,15542616.42,Hist—rico
Competidor8,15/03/20,14456456,Hist—rico
Competidor8,22/03/20,18101714.4,Hist—rico
Competidor8,29/03/20,15580359.5,Hist—rico
Competidor8,05/04/20,14703464,Hist—rico
Competidor8,12/04/20,15342295.25,Hist—rico
Competidor8,19/04/20,14883301.54,Hist—rico
Competidor8,26/04/20,14773554.5,Hist—rico
Competidor8,03/05/20,16066170.5,Hist—rico
Competidor8,10/05/20,16090431.5,Hist—rico
Competidor8,17/05/20,16120038.7,Hist—rico
Competidor8,24/05/20,16669026.2,Hist—rico
Competidor8,07/06/20,16843364,Hist—rico
Competidor8,14/06/20,17413029.04,Hist—rico
Competidor8,21/06/20,16558612.75,Hist—rico
Competidor8,28/06/20,16604924,Hist—rico
Competidor8,05/07/20,17463699,Hist—rico
Competidor8,12/07/20,17540515.5,Hist—rico
Competidor8,19/07/20,15753284.5,Hist—rico
Competidor8,26/07/20,16809654.5,Hist—rico
Competidor8,02/08/20,16378304.96,Hist—rico
Competidor8,09/08/20,17068873.5,Hist—rico
Competidor8,16/08/20,16501587,Hist—rico
Competidor8,23/08/20,17064224.96,Hist—rico
Competidor8,06/09/20,17406067.5,Hist—rico
Competidor8,13/09/20,15850266.4,Hist—rico
Competidor8,20/09/20,16093136.25,Hist—rico
Competidor8,27/09/20,14953720.6,Hist—rico
Competidor8,30/09/20,15755599,Hist—rico
Competidor8,04/10/20,16048726.1,Hist—rico
Competidor8,11/10/20,15534026.5,Hist—rico
Competidor8,18/10/20,16102210.5,Hist—rico
Competidor8,25/10/20,15249244.1,Hist—rico
Competidor8,01/11/20,15372800.1,Hist—rico
Competidor8,08/11/20,14903680,Hist—rico
Competidor8,15/11/20,15913592.4,Hist—rico
Competidor8,22/11/20,15417736.06,Hist—rico
Competidor8,06/12/20,14436415,Hist—rico
Competidor8,13/12/20,15473751.85,Hist—rico
Competidor8,20/12/20,14624275,Hist—rico
Competidor8,27/12/20,14110979.6,Hist—rico
Competidor8,29/12/20,14571323.1,Hist—rico
Competidor8,03/01/21,13250083.5,Hist—rico
Competidor8,10/01/21,14888286.5,Hist—rico
Competidor8,17/01/21,14558066.4,Hist—rico
Competidor8,24/01/21,14244825.56,Hist—rico
Competidor8,07/02/21,14337007.6,Hist—rico
Competidor8,14/02/21,14164460.6,Hist—rico
Competidor8,21/02/21,12379765.5,Hist—rico
Competidor8,28/02/21,14291002.5,Hist—rico
Competidor8,04/03/21,15521987.96,Hist—rico
Competidor8,07/03/21,14731272,Hist—rico
Competidor8,14/03/21,15277048,Hist—rico
Competidor8,21/03/21,15633588.5,Hist—rico
Competidor8,28/03/21,14942025.5,Hist—rico
Competidor8,02/04/21,15289333,Hist—rico
Competidor8,11/04/21,15929408.5,Hist—rico
Competidor8,18/04/21,16209941,Hist—rico
Competidor8,25/04/21,15428434,Hist—rico
Competidor8,09/05/21,15726952,Hist—rico
Competidor8,16/05/21,15147481.5,Hist—rico
Competidor8,23/05/21,15402371,Hist—rico
Competidor8,30/05/21,16044400.5,Hist—rico
Competidor8,04/06/21,16173768.8,Hist—rico
Competidor8,06/06/21,15255468,Hist—rico
Competidor8,13/06/21,15776885,Hist—rico
Competidor8,20/06/21,15725094,Hist—rico
Competidor8,27/06/21,15797598,Hist—rico
Competidor8,01/07/21,15284945,Hist—rico
Competidor8,11/07/21,15372358.5,Hist—rico
Competidor8,18/07/21,15513231.7,Hist—rico
Competidor8,25/07/21,15738947,Hist—rico
Competidor8,08/08/21,15435786.96,Hist—rico
Competidor8,15/08/21,15285969,Hist—rico
Competidor8,22/08/21,15433884,Hist—rico
Competidor8,29/08/21,15020817,Hist—rico
Competidor8,03/09/21,14603272,Hist—rico
Competidor8,05/09/21,15835881,Hist—rico
Competidor8,12/09/21,14869960.96,Hist—rico
Competidor8,19/09/21,15370315.5,Hist—rico
Competidor8,26/09/21,14527886,Hist—rico
Competidor8,10/10/21,14963903,Hist—rico
Competidor8,17/10/21,14792226.5,Hist—rico
Competidor8,24/10/21,14625829,Hist—rico
Competidor8,31/10/21,14370282.5,Hist—rico
Competidor8,07/11/21,14199079.1,Hist—rico
Competidor8,14/11/21,14094561,Hist—rico
Competidor8,21/11/21,14544216,Hist—rico
Competidor8,28/11/21,13294721,Hist—rico
Competidor8,02/12/21,12951516.1,Hist—rico
Competidor8,05/12/21,13913357,Hist—rico
Competidor8,12/12/21,13595704,Hist—rico
Competidor8,19/12/21,14115414,Hist—rico
Competidor8,26/12/21,13750430,Hist—rico
Competidor8,09/01/22,13195613,Hist—rico
Competidor8,16/01/22,12128710,Hist—rico
Competidor8,23/01/22,12181677,Hist—rico
Competidor8,30/01/22,12322687,Hist—rico
Competidor8,06/02/22,12874045,Hist—rico
Competidor8,13/02/22,12744691,Hist—rico
Competidor8,20/02/22,13543676,Hist—rico
Competidor8,27/02/22,13348804,Hist—rico
Competidor8,03/03/22,13533151,Hist—rico
Competidor8,06/03/22,13532610,Hist—rico
Competidor8,13/03/22,13673918,Hist—rico
Competidor8,20/03/22,13306889,Hist—rico
Competidor8,27/03/22,13560351,Hist—rico
Competidor8,01/04/22,14153841,Hist—rico
Competidor8,10/04/22,13956551,Hist—rico
Competidor8,17/04/22,13606645,Hist—rico
Competidor8,24/04/22,13605623,Hist—rico
Competidor8,08/05/22,14273898,Hist—rico
Competidor9,06/01/19,3793922,Hist—rico
Competidor9,13/01/19,2729373,Hist—rico
Competidor9,20/01/19,2800487,Hist—rico
Competidor9,27/01/19,2882470,Hist—rico
Competidor9,03/02/19,3398656,Hist—rico
Competidor9,10/02/19,4021779,Hist—rico
Competidor9,17/02/19,2671152,Hist—rico
Competidor9,24/02/19,2823657,Hist—rico
Competidor9,03/03/19,2896317,Hist—rico
Competidor9,10/03/19,3202899,Hist—rico
Competidor9,17/03/19,3492037,Hist—rico
Competidor9,24/03/19,4337187,Hist—rico
Competidor9,31/03/19,2586896,Hist—rico
Competidor9,07/04/19,2833753,Hist—rico
Competidor9,14/04/19,3083415,Hist—rico
Competidor9,21/04/19,3306260,Hist—rico
Competidor9,28/04/19,4201750,Hist—rico
Competidor9,05/05/19,2888953,Hist—rico
Competidor9,12/05/19,3185251,Hist—rico
Competidor9,19/05/19,3590936,Hist—rico
Competidor9,26/05/19,4466409,Hist—rico
Competidor9,02/06/19,3347699,Hist—rico
Competidor9,09/06/19,4425379,Hist—rico
Competidor9,16/06/19,3032406,Hist—rico
Competidor9,23/06/19,3460708,Hist—rico
Competidor9,30/06/19,3113752,Hist—rico
Competidor9,07/07/19,3957498,Hist—rico
Competidor9,14/07/19,3066521,Hist—rico
Competidor9,21/07/19,3514951,Hist—rico
Competidor9,28/07/19,4152660,Hist—rico
Competidor9,04/08/19,2991833,Hist—rico
Competidor9,11/08/19,3336027,Hist—rico
Competidor9,18/08/19,3696348,Hist—rico
Competidor9,25/08/19,4346590,Hist—rico
Competidor9,01/09/19,2992015,Hist—rico
Competidor9,08/09/19,3115816,Hist—rico
Competidor9,15/09/19,3691413,Hist—rico
Competidor9,22/09/19,4705555,Hist—rico
Competidor9,29/09/19,2616269,Hist—rico
Competidor9,06/10/19,2820865,Hist—rico
Competidor9,13/10/19,3077626,Hist—rico
Competidor9,20/10/19,3436538,Hist—rico
Competidor9,27/10/19,3818714,Hist—rico
Competidor9,03/11/19,2707118,Hist—rico
Competidor9,10/11/19,2968260,Hist—rico
Competidor9,17/11/19,3365089,Hist—rico
Competidor9,24/11/19,3965657,Hist—rico
Competidor9,01/12/19,2665488,Hist—rico
Competidor9,08/12/19,2766199,Hist—rico
Competidor9,15/12/19,3069689,Hist—rico
Competidor9,22/12/19,4514228,Hist—rico
Competidor9,29/12/19,2701797,Hist—rico
Competidor9,05/01/20,3235822,Hist—rico
Competidor9,12/01/20,2443291,Hist—rico
Competidor9,19/01/20,2793118,Hist—rico
Competidor9,26/01/20,3456677,Hist—rico
Competidor9,02/02/20,2441509,Hist—rico
Competidor9,09/02/20,2682939,Hist—rico
Competidor9,16/02/20,3284905,Hist—rico
Competidor9,23/02/20,3956118,Hist—rico
Competidor9,01/03/20,2449279,Hist—rico
Competidor9,08/03/20,2667831,Hist—rico
Competidor9,15/03/20,3307388,Hist—rico
Competidor9,22/03/20,4912213,Hist—rico
Competidor9,29/03/20,2806801,Hist—rico
Competidor9,05/04/20,2394567,Hist—rico
Competidor9,12/04/20,2734487,Hist—rico
Competidor9,19/04/20,3127745,Hist—rico
Competidor9,26/04/20,4216954,Hist—rico
Competidor9,03/05/20,2729001,Hist—rico
Competidor9,10/05/20,2937023,Hist—rico
Competidor9,17/05/20,3435130,Hist—rico
Competidor9,24/05/20,4360225,Hist—rico
Competidor9,07/06/20,3434073,Hist—rico
Competidor9,14/06/20,4557013,Hist—rico
Competidor9,21/06/20,3146519,Hist—rico
Competidor9,28/06/20,2956824,Hist—rico
Competidor9,05/07/20,3513010,Hist—rico
Competidor9,12/07/20,3945700,Hist—rico
Competidor9,19/07/20,3000992,Hist—rico
Competidor9,26/07/20,3004792,Hist—rico
Competidor9,02/08/20,3151421,Hist—rico
Competidor9,09/08/20,3370641,Hist—rico
Competidor9,16/08/20,3708548,Hist—rico
Competidor9,23/08/20,4265378,Hist—rico
Competidor9,06/09/20,3012490,Hist—rico
Competidor9,13/09/20,3485546,Hist—rico
Competidor9,20/09/20,4347116,Hist—rico
Competidor9,27/09/20,2621709,Hist—rico
Competidor9,30/09/20,2785994,Hist—rico
Competidor9,04/10/20,2713397,Hist—rico
Competidor9,11/10/20,2888457,Hist—rico
Competidor9,18/10/20,3278654,Hist—rico
Competidor9,25/10/20,3696063,Hist—rico
Competidor9,01/11/20,2657314,Hist—rico
Competidor9,08/11/20,2750868,Hist—rico
Competidor9,15/11/20,3352359,Hist—rico
Competidor9,22/11/20,3752993,Hist—rico
Competidor9,06/12/20,3177381,Hist—rico
Competidor9,13/12/20,4276798,Hist—rico
Competidor9,20/12/20,4073636,Hist—rico
Competidor9,27/12/20,3622182,Hist—rico
Competidor9,29/12/20,2570162,Hist—rico
Competidor9,03/01/21,2224000,Hist—rico
Competidor9,10/01/21,2550300,Hist—rico
Competidor9,17/01/21,2895067,Hist—rico
Competidor9,24/01/21,3345376,Hist—rico
Competidor9,07/02/21,2924417,Hist—rico
Competidor9,14/02/21,3297203,Hist—rico
Competidor9,21/02/21,3682137,Hist—rico
Competidor9,28/02/21,2437818,Hist—rico
Competidor9,04/03/21,2556687,Hist—rico
Competidor9,07/03/21,2562194,Hist—rico
Competidor9,14/03/21,3183068,Hist—rico
Competidor9,21/03/21,4133962,Hist—rico
Competidor9,28/03/21,2400540,Hist—rico
Competidor9,02/04/21,2677255,Hist—rico
Competidor9,11/04/21,2745721,Hist—rico
Competidor9,18/04/21,3313511,Hist—rico
Competidor9,25/04/21,3672884,Hist—rico
Competidor9,09/05/21,3301844,Hist—rico
Competidor9,16/05/21,3186381,Hist—rico
Competidor9,23/05/21,3844348,Hist—rico
Competidor9,30/05/21,2757751,Hist—rico
Competidor9,04/06/21,2737120,Hist—rico
Competidor9,06/06/21,2766468,Hist—rico
Competidor9,13/06/21,3699956,Hist—rico
Competidor9,20/06/21,4603289,Hist—rico
Competidor9,27/06/21,2712216,Hist—rico
Competidor9,01/07/21,2549276,Hist—rico
Competidor9,11/07/21,2809777,Hist—rico
Competidor9,18/07/21,3286754,Hist—rico
Competidor9,25/07/21,3778437,Hist—rico
Competidor9,08/08/21,3038753,Hist—rico
Competidor9,15/08/21,3140543,Hist—rico
Competidor9,22/08/21,3952859.5,Hist—rico
Competidor9,29/08/21,2526525.5,Hist—rico
Competidor9,03/09/21,2353334,Hist—rico
Competidor9,05/09/21,2670257,Hist—rico
Competidor9,12/09/21,3014895,Hist—rico
Competidor9,19/09/21,4059214,Hist—rico
Competidor9,26/09/21,2485506,Hist—rico
Competidor9,10/10/21,2621255,Hist—rico
Competidor9,17/10/21,2790169,Hist—rico
Competidor9,24/10/21,3638756,Hist—rico
Competidor9,31/10/21,2573236,Hist—rico
Competidor9,07/11/21,3143020,Hist—rico
Competidor9,14/11/21,2868485,Hist—rico
Competidor9,21/11/21,3596069,Hist—rico
Competidor9,28/11/21,2170550,Hist—rico
Competidor9,02/12/21,2205205,Hist—rico
Competidor9,05/12/21,2394173,Hist—rico
Competidor9,12/12/21,2557073,Hist—rico
Competidor9,19/12/21,3649982,Hist—rico
Competidor9,26/12/21,2095483,Hist—rico
Competidor9,09/01/22,3390121,Hist—rico
Competidor9,16/01/22,2319907,Hist—rico
Competidor9,23/01/22,2021711,Hist—rico
Competidor9,30/01/22,2116941,Hist—rico
Competidor9,06/02/22,2229278,Hist—rico
Competidor9,13/02/22,2419137,Hist—rico
Competidor9,20/02/22,3969091,Hist—rico
Competidor9,27/02/22,2306216,Hist—rico
Competidor9,03/03/22,2123589,Hist—rico
Competidor9,06/03/22,2918831,Hist—rico
Competidor9,13/03/22,2380599,Hist—rico
Competidor9,20/03/22,3568119,Hist—rico
Competidor9,27/03/22,2010407,Hist—rico
Competidor9,01/04/22,2132262,Hist—rico
Competidor9,10/04/22,2262905,Hist—rico
Competidor9,17/04/22,2379453,Hist—rico
Competidor9,24/04/22,3439577,Hist—rico
Competidor9,08/05/22,2319559,Hist—rico
Competidor1,08/05/22,2099675.719,Pron—stico
Competidor1,15/05/22,1710397.592,Pron—stico
Competidor1,22/05/22,1828872.045,Pron—stico
Competidor1,29/05/22,1934826.154,Pron—stico
Competidor1,05/06/22,2263154.74,Pron—stico
Competidor1,12/06/22,1882442.552,Pron—stico
Competidor1,19/06/22,1833995.188,Pron—stico
Competidor1,26/06/22,1979356.926,Pron—stico
Competidor1,03/07/22,1900734.215,Pron—stico
Competidor1,10/07/22,2070370.539,Pron—stico
Competidor1,17/07/22,2100144.022,Pron—stico
Competidor1,24/07/22,2192939.158,Pron—stico
Competidor1,31/07/22,2029671.225,Pron—stico
Competidor1,07/08/22,2114606.982,Pron—stico
Competidor1,14/08/22,2007089.113,Pron—stico
Competidor1,21/08/22,2288421.748,Pron—stico
Competidor1,28/08/22,2054659.47,Pron—stico
Competidor1,04/09/22,2066043.144,Pron—stico
Competidor1,11/09/22,2157714.252,Pron—stico
Competidor1,18/09/22,2058224.734,Pron—stico
Competidor1,25/09/22,1845998.897,Pron—stico
Competidor1,02/10/22,1898996.507,Pron—stico
Competidor1,09/10/22,2134775.591,Pron—stico
Competidor1,16/10/22,1874094.067,Pron—stico
Competidor1,23/10/22,1945795.661,Pron—stico
Competidor1,30/10/22,2036447.266,Pron—stico
Competidor1,06/11/22,1972521.875,Pron—stico
Competidor1,13/11/22,1899799.589,Pron—stico
Competidor1,20/11/22,2095693.22,Pron—stico
Competidor1,27/11/22,1858001.565,Pron—stico
Competidor10,08/05/22,43991667.88,Pron—stico
Competidor10,15/05/22,42919028.95,Pron—stico
Competidor10,22/05/22,46329778.26,Pron—stico
Competidor10,29/05/22,45769197.42,Pron—stico
Competidor10,05/06/22,46777441.16,Pron—stico
Competidor10,12/06/22,46267077.7,Pron—stico
Competidor10,19/06/22,44945886.44,Pron—stico
Competidor10,26/06/22,45142574.71,Pron—stico
Competidor10,03/07/22,46861683.73,Pron—stico
Competidor10,10/07/22,45689002.31,Pron—stico
Competidor10,17/07/22,47270267.49,Pron—stico
Competidor10,24/07/22,46775882.55,Pron—stico
Competidor10,31/07/22,46653641.58,Pron—stico
Competidor10,07/08/22,47451014.44,Pron—stico
Competidor10,14/08/22,46951914.92,Pron—stico
Competidor10,21/08/22,47718298.08,Pron—stico
Competidor10,28/08/22,47884044.95,Pron—stico
Competidor10,04/09/22,47201503.31,Pron—stico
Competidor10,11/09/22,48005731.92,Pron—stico
Competidor10,18/09/22,46719054.78,Pron—stico
Competidor10,25/09/22,46896331.3,Pron—stico
Competidor10,02/10/22,45694675.34,Pron—stico
Competidor10,09/10/22,46275432.06,Pron—stico
Competidor10,16/10/22,45475535.36,Pron—stico
Competidor10,23/10/22,46224962.37,Pron—stico
Competidor10,30/10/22,45018084.22,Pron—stico
Competidor10,06/11/22,45752950.97,Pron—stico
Competidor10,13/11/22,43872261.96,Pron—stico
Competidor10,20/11/22,44880133.14,Pron—stico
Competidor10,27/11/22,43108834.3,Pron—stico
Competidor2,08/05/22,39106050.13,Pron—stico
Competidor2,15/05/22,39578088.92,Pron—stico
Competidor2,22/05/22,41537873.4,Pron—stico
Competidor2,29/05/22,40565867.33,Pron—stico
Competidor2,05/06/22,41384278.88,Pron—stico
Competidor2,12/06/22,41457866.63,Pron—stico
Competidor2,19/06/22,40316303.9,Pron—stico
Competidor2,26/06/22,41072003.39,Pron—stico
Competidor2,03/07/22,42967334.74,Pron—stico
Competidor2,10/07/22,41593709.48,Pron—stico
Competidor2,17/07/22,42852399.04,Pron—stico
Competidor2,24/07/22,42452994.81,Pron—stico
Competidor2,31/07/22,42994804.69,Pron—stico
Competidor2,07/08/22,42406442.31,Pron—stico
Competidor2,14/08/22,42059563.97,Pron—stico
Competidor2,21/08/22,42788039.5,Pron—stico
Competidor2,28/08/22,43704049.16,Pron—stico
Competidor2,04/09/22,42779581.94,Pron—stico
Competidor2,11/09/22,43460543.56,Pron—stico
Competidor2,18/09/22,41989581.08,Pron—stico
Competidor2,25/09/22,42703910.8,Pron—stico
Competidor2,02/10/22,41630643.88,Pron—stico
Competidor2,09/10/22,41546806.49,Pron—stico
Competidor2,16/10/22,41423414.7,Pron—stico
Competidor2,23/10/22,41843407.88,Pron—stico
Competidor2,30/10/22,40888543.14,Pron—stico
Competidor2,06/11/22,40297591.38,Pron—stico
Competidor2,13/11/22,39762124.33,Pron—stico
Competidor2,20/11/22,40423443.03,Pron—stico
Competidor2,27/11/22,39581731.14,Pron—stico
Competidor3,08/05/22,3178486.232,Pron—stico
Competidor3,15/05/22,2376775.079,Pron—stico
Competidor3,22/05/22,2637109.748,Pron—stico
Competidor3,29/05/22,3513366.689,Pron—stico
Competidor3,05/06/22,3691688.639,Pron—stico
Competidor3,12/06/22,2527236.028,Pron—stico
Competidor3,19/06/22,2575223.721,Pron—stico
Competidor3,26/06/22,2871505.765,Pron—stico
Competidor3,03/07/22,2855617.236,Pron—stico
Competidor3,10/07/22,3563493.573,Pron—stico
Competidor3,17/07/22,2737967.513,Pron—stico
Competidor3,24/07/22,2918647.668,Pron—stico
Competidor3,31/07/22,2983483.34,Pron—stico
Competidor3,07/08/22,3409278.622,Pron—stico
Competidor3,14/08/22,3121566.862,Pron—stico
Competidor3,21/08/22,3952806.761,Pron—stico
Competidor3,28/08/22,2560943.772,Pron—stico
Competidor3,04/09/22,2780550.205,Pron—stico
Competidor3,11/09/22,3099249.413,Pron—stico
Competidor3,18/09/22,3226326.452,Pron—stico
Competidor3,25/09/22,2388306.053,Pron—stico
Competidor3,02/10/22,2757083.152,Pron—stico
Competidor3,09/10/22,3238967.727,Pron—stico
Competidor3,16/10/22,2622751.922,Pron—stico
Competidor3,23/10/22,3102890.536,Pron—stico
Competidor3,30/10/22,3363846.486,Pron—stico
Competidor3,06/11/22,2938223.348,Pron—stico
Competidor3,13/11/22,2916234.921,Pron—stico
Competidor3,20/11/22,3171678.415,Pron—stico
Competidor3,27/11/22,2717379.856,Pron—stico
Competidor4,08/05/22,34362534.8,Pron—stico
Competidor4,15/05/22,33235563.65,Pron—stico
Competidor4,22/05/22,35277847.04,Pron—stico
Competidor4,29/05/22,34989908.13,Pron—stico
Competidor4,05/06/22,35960625.05,Pron—stico
Competidor4,12/06/22,34728929.91,Pron—stico
Competidor4,19/06/22,34044292.88,Pron—stico
Competidor4,26/06/22,34715770.75,Pron—stico
Competidor4,03/07/22,35078165.72,Pron—stico
Competidor4,10/07/22,34586545.51,Pron—stico
Competidor4,17/07/22,35581072.06,Pron—stico
Competidor4,24/07/22,35186074.5,Pron—stico
Competidor4,31/07/22,35338883.83,Pron—stico
Competidor4,07/08/22,35008271.1,Pron—stico
Competidor4,14/08/22,35364209.21,Pron—stico
Competidor4,21/08/22,35746876.59,Pron—stico
Competidor4,28/08/22,35106700.97,Pron—stico
Competidor4,04/09/22,34763967.31,Pron—stico
Competidor4,11/09/22,35922889.22,Pron—stico
Competidor4,18/09/22,34488606.47,Pron—stico
Competidor4,25/09/22,34393790.75,Pron—stico
Competidor4,02/10/22,33767874.1,Pron—stico
Competidor4,09/10/22,35810122.04,Pron—stico
Competidor4,16/10/22,33820205.64,Pron—stico
Competidor4,23/10/22,34556701.84,Pron—stico
Competidor4,30/10/22,34202004.81,Pron—stico
Competidor4,06/11/22,34738211.25,Pron—stico
Competidor4,13/11/22,33364828.59,Pron—stico
Competidor4,20/11/22,33831536.12,Pron—stico
Competidor4,27/11/22,32461369.28,Pron—stico
Competidor5,08/05/22,4500051.098,Pron—stico
Competidor5,15/05/22,3383096.062,Pron—stico
Competidor5,22/05/22,3698776.586,Pron—stico
Competidor5,29/05/22,4440971.612,Pron—stico
Competidor5,05/06/22,5299664.831,Pron—stico
Competidor5,12/06/22,3670872.011,Pron—stico
Competidor5,19/06/22,3639937.348,Pron—stico
Competidor5,26/06/22,3948404.924,Pron—stico
Competidor5,03/07/22,3886862.347,Pron—stico
Competidor5,10/07/22,4879888.554,Pron—stico
Competidor5,17/07/22,3625742.714,Pron—stico
Competidor5,24/07/22,4095775.825,Pron—stico
Competidor5,31/07/22,4259075.689,Pron—stico
Competidor5,07/08/22,4673416.658,Pron—stico
Competidor5,14/08/22,4243786.986,Pron—stico
Competidor5,21/08/22,5267853.203,Pron—stico
Competidor5,28/08/22,3763360.192,Pron—stico
Competidor5,04/09/22,3807851.59,Pron—stico
Competidor5,11/09/22,4183386.844,Pron—stico
Competidor5,18/09/22,4393931.302,Pron—stico
Competidor5,25/09/22,3618679.73,Pron—stico
Competidor5,02/10/22,3845508.756,Pron—stico
Competidor5,09/10/22,4363980.515,Pron—stico
Competidor5,16/10/22,3800731.277,Pron—stico
Competidor5,23/10/22,4173669.118,Pron—stico
Competidor5,30/10/22,4546140.807,Pron—stico
Competidor5,06/11/22,4231401.418,Pron—stico
Competidor5,13/11/22,4062159.863,Pron—stico
Competidor5,20/11/22,4396511.04,Pron—stico
Competidor5,27/11/22,3775985.023,Pron—stico
Competidor6,08/05/22,51593378.34,Pron—stico
Competidor6,15/05/22,49952622.59,Pron—stico
Competidor6,22/05/22,53446730.6,Pron—stico
Competidor6,29/05/22,52656434.11,Pron—stico
Competidor6,05/06/22,54376953.81,Pron—stico
Competidor6,12/06/22,53556214.05,Pron—stico
Competidor6,19/06/22,51692663.95,Pron—stico
Competidor6,26/06/22,51465858.29,Pron—stico
Competidor6,03/07/22,52325078.59,Pron—stico
Competidor6,10/07/22,51558801.04,Pron—stico
Competidor6,17/07/22,52949394.7,Pron—stico
Competidor6,24/07/22,52279591.53,Pron—stico
Competidor6,31/07/22,52422678.52,Pron—stico
Competidor6,07/08/22,51687134.98,Pron—stico
Competidor6,14/08/22,51821575.56,Pron—stico
Competidor6,21/08/22,53250798.04,Pron—stico
Competidor6,28/08/22,52170859.45,Pron—stico
Competidor6,04/09/22,51134043.16,Pron—stico
Competidor6,11/09/22,52153378.79,Pron—stico
Competidor6,18/09/22,51770072.43,Pron—stico
Competidor6,25/09/22,51520940.2,Pron—stico
Competidor6,02/10/22,50263788.17,Pron—stico
Competidor6,09/10/22,51713339.59,Pron—stico
Competidor6,16/10/22,50286639.45,Pron—stico
Competidor6,23/10/22,51189635.23,Pron—stico
Competidor6,30/10/22,50763389.33,Pron—stico
Competidor6,06/11/22,51368924.44,Pron—stico
Competidor6,13/11/22,49945760.96,Pron—stico
Competidor6,20/11/22,50638562.02,Pron—stico
Competidor6,27/11/22,48594264.5,Pron—stico
Competidor7,08/05/22,1314234.257,Pron—stico
Competidor7,15/05/22,938998.7912,Pron—stico
Competidor7,22/05/22,1049152.463,Pron—stico
Competidor7,29/05/22,1259538.811,Pron—stico
Competidor7,05/06/22,1584677.549,Pron—stico
Competidor7,12/06/22,995568.7905,Pron—stico
Competidor7,19/06/22,975199.9059,Pron—stico
Competidor7,26/06/22,1135791.134,Pron—stico
Competidor7,03/07/22,1112399.478,Pron—stico
Competidor7,10/07/22,1380279.622,Pron—stico
Competidor7,17/07/22,1035246.266,Pron—stico
Competidor7,24/07/22,1133114.371,Pron—stico
Competidor7,31/07/22,1204609.062,Pron—stico
Competidor7,07/08/22,1375802.227,Pron—stico
Competidor7,14/08/22,1255703.721,Pron—stico
Competidor7,21/08/22,1546739.019,Pron—stico
Competidor7,28/08/22,1030027.489,Pron—stico
Competidor7,04/09/22,1112249.302,Pron—stico
Competidor7,11/09/22,1200033.585,Pron—stico
Competidor7,18/09/22,1301465.703,Pron—stico
Competidor7,25/09/22,1004747.911,Pron—stico
Competidor7,02/10/22,1095619.84,Pron—stico
Competidor7,09/10/22,1314577.161,Pron—stico
Competidor7,16/10/22,1043875.087,Pron—stico
Competidor7,23/10/22,1174408.436,Pron—stico
Competidor7,30/10/22,1331162.013,Pron—stico
Competidor7,06/11/22,1219164.682,Pron—stico
Competidor7,13/11/22,1149628.868,Pron—stico
Competidor7,20/11/22,1266818.676,Pron—stico
Competidor7,27/11/22,1039670.802,Pron—stico
Competidor8,08/05/22,14528700.94,Pron—stico
Competidor8,15/05/22,14056330.37,Pron—stico
Competidor8,22/05/22,14991586.96,Pron—stico
Competidor8,29/05/22,14866064.84,Pron—stico
Competidor8,05/06/22,15027965.1,Pron—stico
Competidor8,12/06/22,14730578.23,Pron—stico
Competidor8,19/06/22,14432500.49,Pron—stico
Competidor8,26/06/22,14597106.61,Pron—stico
Competidor8,03/07/22,15048665.96,Pron—stico
Competidor8,10/07/22,14466805.63,Pron—stico
Competidor8,17/07/22,15046269.57,Pron—stico
Competidor8,24/07/22,14902106.31,Pron—stico
Competidor8,31/07/22,15070075.35,Pron—stico
Competidor8,07/08/22,14894211.26,Pron—stico
Competidor8,14/08/22,14991641.02,Pron—stico
Competidor8,21/08/22,15210865.57,Pron—stico
Competidor8,28/08/22,14893233.54,Pron—stico
Competidor8,04/09/22,14743824.54,Pron—stico
Competidor8,11/09/22,15096059.77,Pron—stico
Competidor8,18/09/22,14880826.54,Pron—stico
Competidor8,25/09/22,15026901.22,Pron—stico
Competidor8,02/10/22,14541929.83,Pron—stico
Competidor8,09/10/22,14899879.44,Pron—stico
Competidor8,16/10/22,14386832.23,Pron—stico
Competidor8,23/10/22,14695390.46,Pron—stico
Competidor8,30/10/22,14485806.22,Pron—stico
Competidor8,06/11/22,14603043.95,Pron—stico
Competidor8,13/11/22,14153353.76,Pron—stico
Competidor8,20/11/22,14092331.27,Pron—stico
Competidor8,27/11/22,13832124.59,Pron—stico
Competidor9,08/05/22,3179462.091,Pron—stico
Competidor9,15/05/22,2323095.563,Pron—stico
Competidor9,22/05/22,2554266.084,Pron—stico
Competidor9,29/05/22,2976367.089,Pron—stico
Competidor9,05/06/22,3841273.306,Pron—stico
Competidor9,12/06/22,2564223.17,Pron—stico
Competidor9,19/06/22,2455443.682,Pron—stico
Competidor9,26/06/22,2779173.954,Pron—stico
Competidor9,03/07/22,2747763.218,Pron—stico
Competidor9,10/07/22,3367294.174,Pron—stico
Competidor9,17/07/22,2697237.609,Pron—stico
Competidor9,24/07/22,3037366.93,Pron—stico
Competidor9,31/07/22,2920640.824,Pron—stico
Competidor9,07/08/22,3495101.488,Pron—stico
Competidor9,14/08/22,2979249.529,Pron—stico
Competidor9,21/08/22,3758985.464,Pron—stico
Competidor9,28/08/22,2743844.466,Pron—stico
Competidor9,04/09/22,2806631.386,Pron—stico
Competidor9,11/09/22,3088109.3,Pron—stico
Competidor9,18/09/22,3157522.629,Pron—stico
Competidor9,25/09/22,2622909.723,Pron—stico
Competidor9,02/10/22,2811148.836,Pron—stico
Competidor9,09/10/22,3246043.261,Pron—stico
Competidor9,16/10/22,2697129.647,Pron—stico
Competidor9,23/10/22,2934266.229,Pron—stico
Competidor9,30/10/22,3260770.837,Pron—stico
Competidor9,06/11/22,3157261.902,Pron—stico
Competidor9,13/11/22,2756733.288,Pron—stico
Competidor9,20/11/22,3216320.945,Pron—stico
Competidor9,27/11/22,2688330.898,Pron—stico